ID,SMILES,dockscore
ZINC000155737055,C[C@H]1COCCN1C(=O)N[C@H](c1cccc(F)c1F)C(F)(F)F,-25.51
ZINC000135070840,C=C[C@@](C)(CC)C(=O)NC[C@@](C)(O)c1cc(C)oc1C,-27.18
ZINC000124377651,CN(CC1(O)CCCC1)C(=O)[C@H]1CCCc2sccc21,-28.99
ZINC000278468108,COc1cc(C)cc(C(=O)NC[C@H]2CC[C@@H](c3nc(C)no3)O2)c1O,-48.88
ZINC000119119820,Cn1c(=O)cccc1C(=O)N1CCN(CC(C)(C)O)CC1,-50.07
ZINC000186759171,COc1cc(C)c([C@H](C)OC(=O)C[C@@H]2CCS(=O)(=O)C2)cc1C,-29.39
ZINC000269543564,O=C(CNC(=O)[C@@]12CCC(=O)N1c1ccccc1S2)NCCO,-18.77
ZINC000346271173,O=C(NCC1(C(F)F)CC1)N1CCC=C(c2ccco2)C1,-30.8
ZINC000151625668,Cc1cc(C)n(C[C@H]2CN(C(=O)COc3ccccc3O)CCO2)n1,-33.6
ZINC000337764217,COc1ccnc(CNC(=O)c2cnn(-c3ccccc3)c2)c1,-36.34
ZINC000157736952,CC[C@@H](NS(=O)(=O)c1ccc(F)cc1C#N)[C@H]1CCCO1,-41.53
ZINC000281410150,COc1cc2c(cc1F)nccc2N[C@@H](C)CCN1CCN(C)CC1,-5.12
ZINC000297761439,CSCc1cccnc1C(=O)N[C@H](c1nccs1)C(F)(F)F,-32.08
ZINC000313800630,C[C@H]1CN(CCSc2ccc(N)cc2Cl)C[C@H](C)O1,-29.96
ZINC000355968618,CCN(C[C@H](C)O)C(=O)N[C@@H]1CC(=O)N2CCCC[C@H]12,-28.82
ZINC000431002059,CC[C@H](C)NC(=O)CCN1C(=O)[C@H]2C[C@H](C)CCN2C1=O,-23.33
ZINC000494469152,C[C@H]1C[C@H](CNC(=O)OC(C)(C)C)CN1Cc1ccc2nc[nH]c2c1,-22.18
ZINC000285154374,C[C@@H](Oc1ccc(C=O)cc1)C(=O)NCCC(=O)N1CCCCC1,-26.01
ZINC000571146392,Cn1cc(-c2ncccc2NC(=O)N[C@H]2CCCC[C@H]2CN)cn1,-23.39
ZINC000093086611,Cc1cccc(CN(Cc2cnc[nH]2)Cc2ccccn2)c1,-32.05
ZINC000346639018,C[C@@H](NC(=O)NCC1(C)CCOCC1)c1ccc(-n2cccn2)cc1,-35.59
ZINC000343046986,CN1CCc2ncnc(N[C@H]3CCn4cncc4C3)c2C1,-28.95
ZINC000089623737,Cc1cc(C(=O)NCc2ccc(C)cc2OC[C@H]2CCCO2)n(C)n1,-31.73
ZINC000129735248,O=C(Nc1nc2ccccc2n1-c1ccccc1)c1nc(=O)[nH][nH]1,-62.37
ZINC000130709247,Cc1cc(NC(=O)CCC(=O)NC2CCCC2)ccc1C(N)=O,-32.16
ZINC000451100652,CCC[C@H]1CCC[C@H]1C(=O)N1CCCN(CCOC)C(=O)C1,-12.43
ZINC000416334891,Cc1cc(CO)oc1C(=O)N(C)C(C)(C)CN1CCCC1,-19.4
ZINC000280509957,Cn1nc(Br)cc1C(=O)N1CC(C)(C#N)C1,-36.34
ZINC000339934547,CC(C)CCOC1CCN(C(=O)NC[C@@H]2CCCN2C)CC1,-17.98
ZINC000156191124,O=C(Nc1nc(-c2ccccc2F)n[nH]1)c1ccncc1F,-38.6
ZINC000530330631,CN(C)C[C@@H]1CCCCN1C(=O)[C@H]1CCC[C@@H](C(N)=O)C1,-24.13
ZINC000162542778,COC(=O)c1ccc(CN(C)[C@H]2CCS(=O)(=O)C2)s1,-31.91
ZINC000349626696,Cc1cn2c(ncc(C(=O)NC[C@@H]3CC[C@@H](CO)O3)c2=O)s1,-24.68
ZINC000564666445,C[C@H](Cc1cnc[nH]1)C(=O)N[C@@H](C1CC1)C(F)(F)F,-33.77
ZINC000527946292,CC[C@H](COC)N[C@@H]1[C@H]2Cc3cc(Cl)ccc3[C@@H]12,-17.92
ZINC000417511356,O=C(NC[C@H]1CCN(CCc2ccccc2)C1)NC[C@H]1CNCCO1,-19.58
ZINC000289531573,COc1cccc([C@H](C)NS(=O)(=O)c2c(N)noc2C)c1,-56.52
ZINC000272258096,CCC1(CO)CCN(CCC(=O)c2ccccc2)CC1,-12.06
ZINC000275573246,CCCN(C)S(=O)(=O)NCc1nnc(SC)s1,-39.59
ZINC000331010551,COC(=O)[C@@H]1[C@H](O)CCCN1C(=O)c1nccc(C)n1,-33.94
ZINC000362646618,CO[C@H](CNC(=O)COc1ccc2c(c1)CCC(=O)N2)C(C)C,-28.02
ZINC000553049079,CC(C)(C)[C@H](COc1ccccc1F)N=c1cccn[nH]1,-31.82
ZINC000417590612,Cc1ccc(C[C@H](C)NC(=O)NC[C@H]2CCNC2)c(C)c1,-16.45
ZINC000423694115,C[C@@H](CCCCN)NC(=O)[C@H]1CCn2c(cnc2C2CCCCC2)C1,-23.75
ZINC000189409207,CCCS(=O)(=O)CC(=O)NCc1cc(F)ccc1OC,-27.31
ZINC000461069345,CCC[C@H](NC[C@H]1CCN(c2ccccc2F)C1)C(=O)OCC,-26.08
ZINC000292665195,CCC(CC)[C@@H]1C[C@H](NC(=O)CCc2cncnc2)CCO1,-28.53
ZINC000418596295,CCN[C@H](C)CNC(=O)N1CC[C@@]2(CCN(Cc3ccccc3)C2)C1,-7.37
ZINC000329221111,CC(C)OCCN1CCC(/N=C(/O)[C@@H]2CCc3cccnc32)CC1,-21.33
ZINC000339557497,CCCCN(C)C(=O)C(=O)N[C@H](C)CCCC(C)C,-33.32
ZINC000493268323,CCOC(=O)Nc1ccc(C(=O)N[C@@H]2CCCCC[C@H]2C(N)=O)cc1,-29.59
ZINC000352487073,C[C@H]1CCC[C@@H](N(C)C(=O)CNS(=O)(=O)c2ccccc2)C1,-42.91
ZINC000178643998,Cc1[nH]c2ccccc2c1CCNC(=O)NC[C@]1(C)CCCC[C@@H]1O,-34.46
ZINC000185109860,CCN(c1ccc(F)cc1)S(=O)(=O)c1cc(F)cc(C(=O)O)c1,-61.43
ZINC000036391869,COCc1ccccc1C(=O)NCCN1CCCC1,-15.07
ZINC000161694915,FC(F)(F)c1ccn(C2CCN(C3CCOCC3)CC2)n1,-15.35
ZINC000408134895,C[C@H](CNS(=O)(=O)N1CC[C@H](C)C1)N1CCOCC1,-28.12
ZINC000438881746,NC(=O)CCn1ccc(=NC(=O)[C@@H](N)Cc2c[nH]c3ccccc23)[nH]1,-52.02
ZINC000346781631,CCc1cccnc1C(=O)NCc1nccc2ccccc21,-44.84
ZINC000357989684,COc1ccc2c(c1)CCC[C@H]2NC(=O)c1cn(C(C)(C)C)nn1,-23.43
ZINC000164167297,CC(C)CC[C@@H](C)NC(=O)NCCS(=O)(=O)c1ccc(F)cc1,-27.99
ZINC000378005459,CC1(O)C[C@H]2CC[C@@H](C1)N2C(=O)[C@@H]1C[C@H]1c1ccccc1Cl,-31.03
ZINC000339287911,CCOC(=O)C[C@H](O)C(=O)N1CCC[C@@H]1c1noc(C(C)C)n1,-28.83
ZINC000157081531,CCc1ncsc1NC(=O)CCc1nc(C2CCCC2)no1,-37.03
ZINC000130850069,O=C(N[C@@H]1CCO[C@H](C2CC2)C1)N1CCC[C@H]2CCC[C@@H]21,-29.08
ZINC000377649000,CCc1nc(CN2CCC[C@H](NC(=O)CC(C)(C)C)C2)no1,-35.4
ZINC000419412016,CC1CCN(CCNC(=O)C(=O)N[C@@H]2CC[C@H]3CNC[C@@H]3C2)CC1,-6.5
ZINC000488374795,NC(=O)c1ccccc1CC(=O)Nc1ccc(N2CCCC2)cn1,-38.63
ZINC000342914634,CN(CC1CC1)C(=O)C(=O)Nc1scnc1C1CC1,-44.65
ZINC000336272284,CO[C@H]1CCN(S(=O)(=O)c2cc3cc(F)ccc3o2)C1,-29.95
ZINC000275628214,Cc1nccn1-c1ccc([C@@H](C)N2CC[C@](O)(C(F)(F)F)C2)cc1,-30.55
ZINC000179503173,COC[C@@H](NC(=O)[C@@H](C)Cc1ccc(OC)cc1)C1CC1,-28.74
ZINC000528116651,O=S(=O)(C1CC1)N1CCN(c2cc(O)nc3cccnc32)CC1,-38.18
ZINC000361542026,C[C@@H](C1CC1)N(C)C(=O)c1ccc(-c2n[nH]c(C3CC3)n2)cc1,-50.92
ZINC000159296144,O=C(NC[C@@]1(O)CCc2ccccc21)c1cccc(-n2cccn2)n1,-30.13
ZINC000299365071,COC(=O)CCCCNC(=O)NCCNc1ccccn1,-29.09
ZINC000067368344,N#Cc1ccc(N2CC[C@H](C(N)=O)C2)cc1C(F)(F)F,-32.19
ZINC000368568206,Cc1ccsc1[C@@H]1C[C@H]1C(=O)N[C@@H]1CCc2nnc(C)n2C1,-38.17
ZINC000424009264,CCCOc1cccc(CC(=O)N2CCNC[C@H]2c2ccccc2)c1,-32.8
ZINC000274014293,O=C1CCCN1Cc1cccc(-c2noc(CC3CCOCC3)n2)c1,-38.54
ZINC000190902781,C[C@@](O)(CNC(=O)c1n[nH]c2c1CCCCC2)c1ccc(F)cc1,-37.26
ZINC000577989794,Cc1cccc(S(=O)(=O)NC[C@H]2CC[C@@H](c3ccccc3)O2)c1,-33.46
ZINC000496296311,CCOCCC1(CNC2CC(NC(=O)OC(C)(C)C)C2)CC1,-17.51
ZINC000301848368,N#Cc1cccc(SCCCNc2ncccn2)n1,-37.5
ZINC000279020437,CCOC(=O)[C@]1(C(C)C)CCN(C(=O)C2Cc3ccccc3C2)C1,-41.74
ZINC000433001446,COC[C@H](N[C@@H](C)c1ccc(C#N)cc1F)[C@H]1CCCO1,-29.5
ZINC000519911091,COc1ccc(CN(C)C)cc1NC(=O)NCc1ccc(F)cc1F,-22.03
ZINC000567692144,CSC[C@H](O)CNCCS(=O)(=O)c1ccc(C(C)(C)C)cc1,-25.76
ZINC000342197393,CC(=O)N1CSC[C@@H]1C(=O)N1CCCO[C@H](C(C)C)C1,-18.9
ZINC000294669457,CCc1nc(CCNC(=O)c2cnc(C3CC3)nc2)cs1,-33.59
ZINC000496953663,C[C@H](C(=O)N1CCS[C@H](C)C1)N(C)C(=O)OC(C)(C)C,-23.4
ZINC000360400564,CCN(Cc1ccncc1)C(=O)Nc1ccc(F)cn1,-38.98
ZINC000301797836,Cc1cc(N2CCN(C(=O)C3CCCCC3)CC2)c(C#N)c(C)n1,-32.06
ZINC000335320084,O=C(c1cccc2cnccc21)N1CCOCC12CC2,-31.41
ZINC000479676083,CCCC(=O)N1CSC[C@H]1C(=O)Nc1ccc(C)c(CC)c1,-27.89
ZINC000336388375,CCn1nccc1NC(=O)N[C@H]1c2ccccc2O[C@H]1C,-27.73
ZINC000448292657,CO[C@H]1CCOc2c(NC(=O)C(=O)N[C@H]3CC(=O)N(C)C3)cccc21,-26.4
ZINC000120742297,Cc1cnccc1CCNC(=O)c1ccc(F)c(F)c1F,-26.71
ZINC000339999450,Cc1ccc([C@H](C)NC(=O)C(=O)N2CC[C@@H](CC(C)C)C2)cc1,-31.93
ZINC000496740113,C[C@@H]1OC(=O)N[C@@H]1C(=O)N1CCCN(C(=O)c2ccccc2)CC1,-49.46
ZINC000436253182,CC[C@@H]1C[C@H]1NC(=O)Nc1ccc(N2CCCC2=O)cc1,-43.21
ZINC000195051560,CC(C)c1ccc(CCNC(=O)CS(=O)(=O)[C@H](C)CO)cc1,-22.54
ZINC000491947773,CC(C)(C)OC(=O)N1CCC(CNC(=O)NC(CO)CO)CC1,-29.11
ZINC000368386991,CN1CC[C@]2(CCN(C(=O)Nc3ccccc3OC(F)F)C2)C1,-26.33
ZINC000343749876,C[C@@H]1CCC[C@H](NC(=O)NCc2cccnc2OCC(F)F)[C@@H]1C,-33.43
ZINC000334504222,Cc1nc2ccc(NC(=O)N3CC[C@@H]3C(C)C)cc2o1,-35.59
ZINC000570453748,COc1nc(N[C@@H]2CCSc3c(F)cccc32)ccc1C(=O)O,-64.0
ZINC000456875939,COc1cccnc1CNC(=O)[C@@H]1CCCc2ccccc21,-31.9
ZINC000286510755,Cc1noc(C)c1C(C)(C)NC(=O)CC[C@@H]1CCCCO1,-35.71
ZINC000299772502,Cc1ccc([C@]2(C(=O)NCCSc3nncn3C)CC2(C)C)cc1,-48.01
ZINC000120916968,C[C@H]1CN(C)CC[C@@H]1N(C)C(=O)c1cc(Cl)ccc1Cl,-25.3
ZINC000238206360,O=C(O)c1cccc(C(=O)N2CCO[C@H](c3ccsc3)C2)c1,-67.73
ZINC000370577611,NC(=O)c1ccc(CNC(=O)[C@@H]2CN3CCC2CC3)cc1,-27.94
ZINC000273929490,CCS[C@@H](C)c1noc(-c2nnn(C)c2C)n1,-36.42
ZINC000291200896,C[C@H](OC(=O)[C@@H]1CCc2nnn(C)c2C1)c1ccccc1F,-37.43
ZINC000104289080,COC(=O)C1(NC(=O)CCc2ccncc2)CCCCC1,-32.36
ZINC000428335600,CC[C@H]1OCCC[C@@H]1C(=O)N1CCN(CCOc2ccccc2)CC1,-32.01
ZINC000373187240,C[C@@H]1CCCN(CCNC(=O)N2CC[C@@H]3CCN(C)[C@@H]3C2)C1,-11.14
ZINC000159747348,COC[C@H](C)C(=O)N[C@H]1CCN(c2ccc(Cl)c(F)c2)C1=O,-33.61
ZINC000344529005,CCC[C@@H]1[C@@H](C)CCCN1S(=O)(=O)c1ccc(N(C)C)nc1,-24.37
ZINC000155702226,C[C@H](C[C@H](O)c1cccs1)NC(=O)Nc1cnn(C)c1,-38.12
ZINC000441117361,CO[C@H]1CCCC[C@@H]1NC(=O)NC[C@@H](C)C(F)(F)F,-31.48
ZINC000356534185,Cc1ccccc1CSCCN1C(=O)NC2(CCCC2)C1=O,-35.34
ZINC000441199491,COc1ccccc1CN(C)C(=O)CN1CCC[C@H]([C@H]2CCOC2)C1,-23.08
ZINC000370051542,C[C@@H]1CN(C[C@H]2CN(C)CCO2)CCN1C(=O)Cc1ccc(F)cc1,-32.12
ZINC000565093798,CNC[C@](C)(O)CN(C)CCOc1ccccc1C,-27.63
ZINC000333229469,Cc1cc(N2CCC(N[C@@H](C)[C@H]3CCCN3)CC2)nc(C)n1,-24.05
ZINC000068003345,C[C@H](C(=O)Nc1nc2c(s1)C(=O)CCC2)n1cncn1,-33.67
ZINC000454783041,CC[C@@H]1CC[C@H](C)N(C(=O)NCCc2ccn(C)n2)C1,-28.64
ZINC000288517109,C#C[C@@H](NC(=O)C(=O)Nc1ccc2c(c1)NC(=O)CC2)C(C)(C)C,-26.83
ZINC000420780457,O=C(NCCOc1ccccc1)C(=O)N1CC[C@H](C2CCCC2)C1,-38.23
ZINC000351991155,Cc1ccc(CCC(=O)N[C@@H]2CCS(=O)(=O)[C@H]2C)s1,-30.75
ZINC000188541158,C=C[C@](C)(CC)C(=O)NCc1cc(C)cc(OC)c1,-26.31
ZINC000356527219,O=C(NCCOCC1CC1)C(=O)N1CC[C@@H](C2CC2)C1,-39.61
ZINC000440953451,CCN(CC(=O)NCCc1ccc(Cl)cc1)[C@@H]1CCNC1=O,-33.69
ZINC000225702162,CC(C)n1c2ccc(S(=O)(=O)Nc3ccccc3)cc2sc1=O,-42.64
ZINC000344232713,CC(C)(CNC(=O)Nc1ccc(Cl)cc1F)OCCO,-34.76
ZINC000332125446,C[C@H]1C[C@H](NC(=O)c2cc3cccc([N+](=O)[O-])c3[nH]2)CCN1C,-35.88
ZINC000349489467,COCCNC(=O)Cn1cc(NC(=O)N[C@H]2CC[C@@H]2C)cn1,-25.06
ZINC000494066387,COCCCC(=O)OC1CN(C(=O)OCc2ccccc2)C1,-28.33
ZINC000172162082,O=C(N[C@@H]1C[C@H]2CC[C@@H]1O2)N1CCC[C@@H]1c1nc2ccccc2s1,-20.16
ZINC000544272388,CC(C)(C)[C@@H]1CCN(C(=O)Nc2cnn(-c3ccccn3)c2)C1,-44.37
ZINC000352896204,CC[C@@H]1CN(CC(=O)NC(C)(C)CC)C[C@H](C)[S@@]1=O,-26.71
ZINC000186657321,CC(C)C[C@@H](CO)N(C)C(=O)C[C@@H](NC(N)=O)c1cccs1,-24.39
ZINC000358996351,COc1ccccc1[C@H](NC(=O)[C@@H]1CCC(C)(C)C1)c1noc(C)n1,-32.63
ZINC000349575373,C[C@@H]1CC[C@H](C)N(c2nnc(-c3cccc(S(C)(=O)=O)c3)n2C)C1,-32.96
ZINC000119980438,CCSCCN(C)[C@@H](C)CS(=O)(=O)CC,-28.84
ZINC000121781493,COC(=O)CSCc1cccc(NC(=O)C(C2CC2)C2CC2)c1,-30.51
ZINC000188679326,CC[C@]1(C)CN(C(=O)[C@H]2Oc3ccccc3O[C@H]2C)CCO1,-27.43
ZINC000459371422,c1nnc([C@H]2CCCN(CCOCC3CCCC3)C2)n1C1CC1,-22.12
ZINC000362362943,O=[N+]([O-])c1cnc2ccc(N[C@H]3CCO[C@]4(CCOC4)C3)nn21,-24.73
ZINC000364413432,O=C(NC1CCC2(CCOCC2)CC1)c1cnc(C(F)(F)F)nc1,-35.62
ZINC000531184160,CC(C)OC1CCN(C(=O)Nc2cccc(Cn3cncn3)c2)CC1,-39.34
ZINC000494874980,CCOc1ccc2c(c1)C[C@H](C(=O)N1CC[C@@H]3NCC[C@H]3C1)CO2,-24.44
ZINC000220309956,CN(C[C@@H]1COCCO1)C(=O)Cn1ccc2ccccc21,-26.06
ZINC000268657828,Cc1cc(C(=O)N[C@@H](C)CN2CCC[C@H](C)C2)nc(O)n1,-38.37
ZINC000450473131,C[C@@H]1CCN(c2ccnc3cc(F)c(Br)cc32)[C@H]1CO,-32.57
ZINC000469695106,CCOC(=O)[C@H](C)N(C[C@@H]1CCC2(CCCCC2)O1)C1CC1,-21.15
ZINC000522274936,CCO[C@H](CC)C(=O)NCC1(N(C)C)CCCCC1,-3.58
ZINC000528132852,COc1cc(-c2noc(COCC(F)F)n2)c2ccccc2n1,-25.02
ZINC000366266522,C[C@@H]1CCC[C@H](NC(=O)NC[C@@H]2CN(C3CC3)CCO2)[C@H]1C,-28.48
ZINC000537646543,COC(=O)[C@H]1CN(C(=O)c2cc(F)ccc2O)c2ccccc2O1,-57.37
ZINC000277851336,C[C@H](c1cccc(F)c1F)N1C(=O)[C@H]2C[C@H](C)CCN2C1=O,-30.57
ZINC000569865836,NCC[C@@H](NC(=O)c1scnc1C(F)(F)F)C(F)(F)F,-20.98
ZINC000128029285,Cc1ccccc1CCNC(=O)C1(N)CCOCC1,-15.93
ZINC000467220666,CN(Cc1ccc(F)cc1)C(=O)N[C@H]1COc2ccc(F)cc21,-31.6
ZINC000419996610,CC(C)CC[C@@H]1CCCCN1C(=O)C(=O)N[C@@H]1CCCCNC1,-22.73
ZINC000193753549,C[C@@H](CO)CNC(=O)NC[C@@H]1CCN(Cc2ccccc2)C1,-23.12
ZINC000369078971,C[C@H](CCNC(=O)N1CC[C@H](NC(=O)C2CCC2)C1)c1ccccc1,-28.77
ZINC000267406321,CN(C[C@H]1CCOC1)C(=O)NCc1nc2cc(Cl)ccc2s1,-37.9
ZINC000274683263,COC(=O)[C@H](NC(=O)CCc1ccsc1)c1ccc(OC)c(O)c1,-31.25
ZINC000119916822,CCn1c2ccc(C(=O)N[C@@H](C)CCC(C)(C)C)cc2[nH]c(=O)c1=O,-38.47
ZINC000284430284,Cc1c([C@@H](C)NC(=O)C(=O)N(C)CCCN2CCCC2)cnn1C,-27.61
ZINC000354351661,N#Cc1ccc(NC(=O)C(=O)N[C@H]2COC[C@@H]2n2ccnn2)cc1F,-36.27
ZINC000521981904,C[C@H](CC1CCCC1)C(=O)N[C@@H](CO)[C@H]1CCCOC1,-27.1
ZINC000187825504,CC(=O)c1ccc(CNC(=O)CC2CCC3(CC2)OCCO3)nc1C,-31.98
ZINC000336968178,C[C@@H](C(=O)N(Cc1ccccc1)C[C@H]1CCCO1)n1cnc(C#N)n1,-34.41
ZINC000184310010,COC(=O)c1coc(C(=O)N2CCCC[C@@H]2[C@@H](C)O)c1,-29.33
ZINC000344529995,C[C@H](NC(=O)N1CC[S@](=O)CC[C@H]1C)c1ccc(C#N)cc1,-32.91
ZINC000353935694,N#Cc1cc(C(=O)N2C[C@@H](F)C[C@H]2C(N)=O)cnc1C(F)(F)F,-33.55
ZINC000329598338,COC[C@H](/N=C(/O)N1CC2(CCC2)[C@@H]1[C@@H]1CCCO1)C1CC1,-24.22
ZINC000361426737,CCOCCOC[C@@H](O)CNC(=O)c1cc2c(nc1O)CCCC2,-22.59
ZINC000172213243,NC(=O)NCCCCC(=O)NCCc1ccc(Br)cc1,-35.1
ZINC000067786294,COCCNC(=O)[C@H]1CCCN(C2CCN(Cc3c[nH]cn3)CC2)C1,-31.44
ZINC000191026786,C#CCCCCC(=O)Oc1ccc(OC)c([N+](=O)[O-])c1,-41.77
ZINC000494843073,CCCN(CCN1CCCCCC1)C(=O)c1cnc(N(C)C)cn1,-17.7
ZINC000262756066,COc1ccc(Cl)c(S(=O)(=O)N2CCCC[C@H]2CN)c1,-18.43
ZINC000428511633,COCC[C@H](NC(=O)C(C1CC1)C1CC1)C(=O)OC,-19.51
ZINC000295732572,CCOC[C@H](C)CS(=O)(=O)NCC[C@@H](C)c1ccccc1,-30.06
ZINC000280813570,O=C(CO[C@@H]1CCCc2ccccc21)NCC1(O)CCCC1,-27.4
ZINC000337855632,COc1c(C)cc(C)cc1S(=O)(=O)Nc1c(F)cccc1CO,-34.34
ZINC000362113544,C[C@@H](CC(F)(F)F)NC(=O)N[C@H]1CCN(c2ccccc2)C1=O,-25.55
ZINC000365994023,COc1cccc(N2C[C@@H](NC(=O)c3cccc(CO)c3)CC2=O)c1,-39.95
ZINC000357751306,Cc1cccc([C@H](C)CNC(=O)C(=O)N2CCC[C@H]2C[C@@H](C)O)c1,-31.76
ZINC000486982451,C(=C/c1ccncc1)\CNC1CCN(CCc2ccccc2)CC1,-19.31
ZINC000291167853,CCc1n[nH]c(=O)c(C(=O)N2C[C@@H](C)S(=O)(=O)[C@H](C)C2)c1CC,-35.96
ZINC000295511635,CC(=O)C1(C(=O)NCc2ccc3c(n2)CCCC3)CC1,-40.58
ZINC000411763663,CCC[C@H](O)[C@@H](CO)NC(=O)C(=O)Nc1cnc2ccccc2c1,-31.15
ZINC000227059484,CCOC(=O)c1ccc(N[C@@H](C)[C@@H](CO)SC)nc1,-38.35
ZINC000076948197,C[C@H]1C[C@@H]1c1ccc(CN(CC(=O)Nc2nncs2)C2CC2)o1,-22.48
ZINC000281392593,CCCc1cc(NC(=O)c2ccoc2C2CC2)n(C)n1,-36.99
ZINC000563140270,CC(C)N(CC(=O)O)C(=O)[C@H]1CCc2cc(Br)ccc21,-56.07
ZINC000274004234,CC(C)[C@@H](CCO)NCC(=O)N1CCc2ccccc2C1,-18.05
ZINC000274954238,Cc1c(CC(=O)NC(C)(CO)CO)nnn1-c1ccccc1,-35.4
ZINC000458821401,Cc1cc(CCNC(=O)NC[C@@H](C)CCCO)ccc1Cl,-33.34
ZINC000556642043,CC(C)[C@@H]1C[C@H]1CNC(=O)N1CCS(=O)(=O)[C@H]2CCC[C@H]21,-31.17
ZINC000014167063,O=C(NC[C@@H]1COc2ccccc2O1)c1cnn(Cc2ccccc2)c1,-42.13
ZINC000352730183,CN(C)Cc1cnc(CN[C@H]2CCC[C@@H]2CCO)s1,-9.67
ZINC000085469597,O=C(CC(c1ccccc1)c1ccccc1)N1CCOC[C@@H]1CO,-35.51
ZINC000131230309,COC(=O)[C@@](C)(NC(=O)c1cccc2c1oc(=O)n2C)C1CC1,-25.73
ZINC000173628543,Cc1cccc(C)c1NC(=O)[C@@H](C)N[C@@H](C)c1nnc2n1CCCC2,-29.68
ZINC000264167634,C=CCN/C(=N/CC)NCc1ccc(OCCCN(C)C)cc1,-7.29
ZINC000329758626,CC/N=C(/O)N1CC[C@H](/N=C(/O)N[C@]2(C)CCO[C@@H]2C)C1,-36.36
ZINC000075157734,CC(C)(C)[C@@H](O)CCNC(=O)c1ccccc1Cl,-26.03
ZINC000582523593,Cc1cnc([C@@H](C2CC2)N2C(=O)N(C)C(C)(C)C2=O)s1,-25.46
ZINC000106922218,CCCCOC(=O)CNC(=O)CNC(=O)c1cccc(F)c1,-31.22
ZINC000577213176,COC(C)(C)C[C@H](C)NC(=O)N(C)[C@H](C)C(=O)O,-31.8
ZINC000359364142,COC(=O)c1[nH]c(C)c(C(=O)N2CCC(F)(C#N)CC2)c1C,-28.52
ZINC000408422896,Cc1sc2ncnc(N[C@H]3C(=O)NCC[C@H]3C)c2c1C,-42.53
ZINC000132457279,CN(C)C(=O)Cc1nc(CN(C)Cc2cccnc2)cs1,-34.94
ZINC000049048060,COc1cccc(C(=O)N(C)Cc2cscn2)c1OC,-20.35
ZINC000376032781,Clc1cccc(CN2CC[C@H]3OCC[C@H]3C2)n1,-29.29
ZINC000187171767,CC[C@]1(CO)CCCN(C(=O)c2ccc(-n3ccnn3)cc2)C1,-38.48
ZINC000421110767,CC[C@H]1CN(C(=O)Nc2ccc3c(C)nn(C)c3c2)C[C@H](CC)O1,-30.5
ZINC000188446642,CCN(C)C(=O)[C@@H](C)NS(=O)(=O)c1cccc2ncccc21,-23.22
ZINC000305786063,Cc1cc(C(=O)N(C)C[C@@H]2CCC[C@H]2O)nn1-c1cccc(F)c1,-38.57
ZINC000356030179,COc1cc(-c2noc(C[C@H]3CCCO3)n2)cc(Cl)c1OC,-28.06
ZINC000048664442,COc1c(F)cc(NC(=O)CSc2nncs2)cc1F,-38.78
ZINC000496600595,C[C@H](C(=O)NCCc1nc(N)no1)N(C(=O)OC(C)(C)C)C1CC1,-24.99
ZINC000268762350,COc1ccc2c(c1)CCC[C@@H]2NC(=O)Cc1ccco1,-31.0
ZINC000263645986,CCC[C@@H](C)N(C)C(=O)c1cn(-c2ccccc2)nc1C,-52.69
ZINC000362205230,COC[C@](C)(NC(=O)[C@@H](C)n1cccn1)C(F)(F)F,-28.55
ZINC000371037476,Cc1nc(C)n(C[C@@H]2CCCCN2C(=O)[C@H](C)OCCC(C)C)n1,-33.79
ZINC000116823297,COCCOC1CCN(C(=O)c2cc(C)c(C)s2)CC1,-31.02
ZINC000081411368,CCOC(=O)C1(C(=O)N[C@H]2CCC[C@H](SC)C2)CC1,-30.15
ZINC000354816075,CC[C@@H](CC(F)(F)F)NC(=O)CCn1c(C)csc1=O,-31.8
ZINC000348392433,CCN(CC)C(=O)c1cccc(NC(=O)NCc2ncc(C)o2)c1,-36.36
ZINC000107334948,CCc1nc(CCNC(=O)NCCc2c(C)noc2C)sc1C,-28.79
ZINC000516139540,CC[C@@H](CSC)NC(=O)C(=O)Nc1nc2c(s1)CCC2,-33.58
ZINC000073843018,CN(C)c1cccc(C(=O)N2CCC[C@H]2c2ccc[nH]2)c1,-33.68
ZINC000376580642,O=C(c1ccc([N+](=O)[O-])c(O)c1)N1CCC[C@@H](C[C@@H]2CCOC2)C1,-73.74
ZINC000279973786,Cc1ccc([C@@H](NCC2CCS(=O)(=O)CC2)c2ccccn2)cc1,-19.39
ZINC000358525844,CCCN(CCN1CCN(CC)CC1)C(=O)NC[C@H]1CCCOC1,-16.78
ZINC000362055604,CCN1CCOC[C@H]1C(=O)N(C)Cc1ccccc1Br,-29.24
ZINC000458624684,CO[C@H]1CCN(C(=O)NCc2ccccc2N2CCCCC2)C[C@@H]1C,-28.26
ZINC000121041072,C[C@](C#N)(NC(=O)COc1ccc(C=O)cc1Cl)C1CC1,-28.71
ZINC000366682591,COc1cc(NC(=O)[C@@H]2CCn3cncc3C2)ccc1O,-31.42
ZINC000069570008,C[C@@H](C(=O)N1CCCC1)N1CCCN(c2nc3ccccc3[nH]2)CC1,-23.48
ZINC000417364227,CC(C)N(C(=O)Nc1ccc(C(=O)N(C)C)cc1F)[C@H]1CCOC1,-49.88
ZINC000332025255,C[C@@H]1CN(C(=O)NCC2(CS(C)(=O)=O)CCC2)[C@@H](C)[C@H]1C,-20.33
ZINC000559629007,Cc1nnsc1CN1C(=O)N[C@@]2(CCCc3sccc32)C1=O,-33.78
ZINC000416094288,COCCCCN(C)C(=O)CCN1C(=O)[C@@H]2CCCC[C@@H]2C1=O,-32.28
ZINC000134334264,CCNC(=O)N1CC[C@@H](NC(=O)c2ccc(NC(C)C)nc2)C1,-42.14
ZINC000533586626,COC[C@H](NC(=O)N[C@@H]1[C@@H]2CCO[C@H]2C12CCC2)C(C)C,-25.38
ZINC000189049706,CCCCN(C)C(=O)C1CCN(C(=O)[C@@H]2CCCO[C@H]2C)CC1,-27.68
ZINC000425414395,COC(=O)[C@@H](CCN(CC(F)F)C(C)C)c1ccccc1,-20.88
ZINC000428170930,Cn1cc(C(=O)NCC2CN(S(C)(=O)=O)C2)c2ccccc21,-36.79
ZINC000354825707,CC[C@@H](CNC(=O)C(=O)Nc1cccc(COC(C)C)c1)OC,-37.35
ZINC000415420509,Cc1cc(NC(=O)C(=O)N(C)[C@H](C)CN)n(-c2ccc(Cl)cc2)n1,-29.1
ZINC000453585986,CCCCN(CC)C(=O)C(=O)Nc1cc(C)cc(C(N)=O)c1,-46.58
ZINC000369105471,O=C(CC1OCCCO1)N1CCC(Sc2ccccn2)CC1,-41.59
ZINC000515312888,C[C@H](C(=O)NC(C)(C)C)N1CCN2C(=O)[C@H](N)C[C@@H]2C1,-18.59
ZINC000448691914,CC1(C)CN(C(=O)[C@H]2CCC[C@@H]2c2ccccc2)CCO1,-22.53
ZINC000340720498,CN(C(=O)c1cc([N+](=O)[O-])cnc1O)[C@@H]1CCNC1=O,-48.64
ZINC000425943223,COCC1(CN[C@@H]2C[C@H](c3ccccc3)[C@H]2C)CCOCC1,-15.11
ZINC000412416217,Cc1ccc(C(=O)N[C@H](C(=O)N[C@H](CO)[C@@H](C)O)C(C)C)cc1,-18.94
ZINC000343167329,COC[C@H](NC(=O)NCc1noc(C2CC2)n1)c1ccc(F)cc1,-30.5
ZINC000299395024,C[C@H](CCc1ccc2c(c1)OCO2)NC(=O)Nc1ccncc1,-27.41
ZINC000107037457,Cc1nn(C)c(NS(=O)(=O)c2ccc(N3CCCC3=O)cc2)c1C,-63.37
ZINC000270693817,CC[C@H](C)[C@H](O)C(=O)NCc1ccc(CN2C[C@@H](C)O[C@@H](C)C2)cc1,-40.58
ZINC000267413560,C/N=C(/NCc1ccccc1F)NCc1ncccc1C,-19.56
ZINC000373831701,Cc1noc(-c2ccnc(N3CCN(C[C@H](C)O)C[C@@H]3C)c2)n1,-30.77
ZINC000346792661,CC[C@@H]1C(=O)N(CC)CCN1C(=O)C(=O)NCc1cnn(C)c1C,-28.74
ZINC000225454069,O=S(=O)(NCc1ccn(Cc2ccccc2)n1)C1CC1,-40.26
ZINC000578072205,CC(C)=CCC[C@@H](C)CC(=O)N(C)c1ccn(C)n1,-34.53
ZINC000235209587,C[C@@H](NCc1nnc2ccccn21)c1ccnn1C,-38.53
ZINC000361123669,O=C(CCc1cncc2ccccc21)NCCOCCO,-24.8
ZINC000105289809,Cc1cccc2c1CC[C@H]2NC(=O)N1CCC(N2CCCC2=O)CC1,-37.43
ZINC000181806030,O=C(NCCCOCC1CC1)c1ccc(F)cn1,-32.96
ZINC000123420476,Cn1c(=O)cccc1C(=O)Nc1nc2ccccc2n1C1CCCC1,-30.19
ZINC000331904203,O=C(Nc1ccccc1)NC1CCN(CC2(O)CCCC2)CC1,-17.13
ZINC000356218768,CSc1ccc(CN2CC[C@@H](CN(C)C)C2)s1,-19.84
ZINC000459236874,CC(C)C[C@@H]1C[C@H]1NC(=O)N(CCCO)Cc1ccccc1,-28.41
ZINC000297905225,CN(C)[C@H](CNC(=O)NC[C@H]1CC[C@@H](CO)O1)c1ccco1,-25.85
ZINC000440478371,CC(C)c1ncc(CN(C)[C@H](C)c2nnnn2C)cn1,-28.34
ZINC000557045867,CO[C@H](C(=O)N=c1cc(CC2CCCCC2)[nH][nH]1)c1ccccc1,-43.04
ZINC000369673477,CCOC(=O)CCS(=O)(=O)N[C@H]1C[C@H](OCC)C12CCCC2,-45.44
ZINC000415724426,O=C(NC[C@H]1CCCNC1)N[C@@H](C1CC1)C(F)(F)F,-15.54
ZINC000346448115,CC[C@@H]1C[C@@H](C(=O)N(C)CCOc2ccccc2C)CC(=O)N1,-34.2
ZINC000413786996,C[C@@H](C(=O)OC(C)(C)C)C(=O)N1CCC(CC(F)(F)F)CC1,-39.78
ZINC000012504543,CCOc1ccc(/C=C2\SC(=S)N(CC(=O)O)C2=O)cc1,-68.46
ZINC000582938760,CC(C)[C@H]1OCC[C@H]1CNC(=O)c1cnn(C)c1Cc1ccccc1,-36.08
ZINC000323315045,C[C@H](N[C@@H]1COC[C@@H]1O)c1cccc([N+](=O)[O-])c1,-27.77
ZINC000420014342,COc1ccc(C(=O)C2CCN(C(=O)C(=O)N[C@H](C)CN)CC2)cc1,-36.41
ZINC000497072472,COC(=O)NCCC(=O)N1C[C@H](C(C)C)[C@H]1C(C)C,-28.25
ZINC000333715577,O=C(NC[C@@H]1CCNC1)N1CCOC[C@@H]1c1ccc(F)cc1,-21.31
ZINC000355083930,CCOC(=O)CC1CCN(C(=O)C(=O)NC[C@@H](C)COC)CC1,-29.35
ZINC000269146783,Cc1cc(C(=O)NCCc2cccc(O)c2)c(C)n1C,-33.81
ZINC000135280845,CC(C)(C)OC(=O)NCCCNc1cccc(CO)c1,-36.43
ZINC000265964127,C[C@@H](CO)[C@H](C)NC(=O)Nc1ccccc1SCC(N)=O,-31.34
ZINC000178296353,CC[C@H](NCCC(=O)N(C)C)c1ccc(Cl)s1,-16.19
ZINC000346366716,OC[C@@H]1C[C@@H](F)CN1C[C@H](O)CN1C[C@@H](F)C[C@H]1CO,-23.38
ZINC000447633449,CC(C)COc1ccc(C(C)(C)C(=O)NCCc2nc(=O)o[nH]2)cc1,-64.35
ZINC000279572033,CCOc1ccc(S(=O)(=O)N(C)c2nccc(OC)n2)cc1,-40.85
ZINC000544467632,Cc1ncoc1C(=O)N1CCC2(CCOCC2)[C@@H]1C,-34.65
ZINC000412756484,CC[C@H](NC(=O)c1nc(SC)n2ccccc12)[C@@H](O)C(C)C,-35.62
ZINC000360248750,O=C(CCc1ncccn1)N1CCC(C(F)(F)F)(C(F)(F)F)C1,-32.59
ZINC000489697322,CCC1(CNS(=O)(=O)c2cnc(C)c(C(=O)OC)c2)CCCC1,-29.03
ZINC000530178839,Fc1ccc2oc(CN[C@@H]3CCNC34CCC4)cc2c1,-21.87
ZINC000155689061,Cc1n[nH]c(C)c1[C@@H](C)CC(=O)N[C@@H](C(N)=O)C(C)C,-28.28
ZINC000091167234,COCCCOCCN(C)C(=O)Nc1cc(F)c(OC)c(F)c1,-32.23
ZINC000424551579,O=C(NC[C@@H]1CCNCC1(F)F)C(=O)N[C@@H]1CC=CCC1,-37.5
ZINC000330017344,OCC1(/N=C(/O)C2CCC(/N=C(/O)C3CC3)CC2)CC1,-37.9
ZINC000537914689,CC[C@@H](C)[C@H](NC(=O)N1CCCC1)C(=O)NCCCCC(N)=O,-26.42
ZINC000423998185,Cc1cc(C(=O)N2CC[C@H](C)[C@@H](CN)C2)nn1-c1ccccc1,-23.97
ZINC000453297566,C[C@@H](NCC[C@@H]1C[C@@H]2C=C[C@H]1C2)c1ccc(NS(C)(=O)=O)cc1,-28.79
ZINC000287502418,C[C@H](NC[C@@H](C1CC1)N(C)Cc1ccccc1)c1ccc(=O)[nH]n1,-32.89
ZINC000188621397,CC[C@@H](NS(=O)(=O)c1ccco1)c1ccc2c(c1)OCCO2,-40.78
ZINC000416592778,C[C@@H](C(=O)OC(C)(C)C)N(C1CC1)S(=O)(=O)c1cnnn1C,-21.24
ZINC000013142483,CCNc1nc(NCC)nc(N(C)/N=C\c2ccco2)n1,-23.12
ZINC000191699738,CCc1ccc(CSCc2nnnn2CC(F)(F)F)cc1,-37.83
ZINC000340263336,CSc1n[nH]c(NC(=O)c2cnc(-c3ccccc3F)s2)n1,-42.36
ZINC000446536931,CCC1(CC)CCN(C(=O)Cc2ccc3c(c2)OCO3)C1,-32.67
ZINC000262735392,C[C@@H]1CNCC[C@@H]1NC(=O)[C@@H]1Oc2ccccc2O[C@H]1C,-23.55
ZINC000335463090,C[C@H]1CCSCCN1C(=O)Nc1cccc(C#N)n1,-24.45
ZINC000358605691,Cc1ccc(S(=O)(=O)N[C@H]2COc3ccc(Cl)cc32)o1,-42.02
ZINC000432044812,COC(=O)[C@H]1CCCN2C(=O)N(CCc3ncc(C)cn3)C(=O)[C@@H]12,-33.16
ZINC000334060248,CO[C@H]1CC[C@@H](NC(=O)Nc2ccc(CS(C)(=O)=O)cc2)C1,-27.26
ZINC000158689692,COc1cc(Br)c(CNc2nnc(C)n2C)cc1OC,-41.41
ZINC000282197713,Cc1nn(C)c2ncc(C(=O)N[C@H]3CCC(=O)N[C@@H]3C)cc12,-32.92
ZINC000268982409,O=C(O)C[C@H]1CSCCN1C(=O)C=C(C1CC1)C1CC1,-68.28
ZINC000176629845,C[C@H]1C(=O)N(C[C@H](O)CO[C@@H]2CCCc3ccccc32)C(=O)[C@H]1C,-36.9
ZINC000452675863,CC(C)[C@@H](Oc1ccc(Cl)cc1)C(=O)N1CC[C@](O)(C(F)F)C1,-31.64
ZINC000430862850,CC1=C[C@H](C)CN(C(=O)N[C@@H]2C[C@H](C)N(c3ccccc3)C2=O)C1,-22.9
ZINC000458516075,CC[C@H](NC(=O)NCC[C@@H](C)N(C)Cc1ccccc1)[C@@H](C)O,-10.64
ZINC000452449754,CCN1CCCC[C@H]1C(=O)N1CCC[C@@H](CC(C)(C)C(N)=O)C1,-13.66
ZINC000448836295,CN(C(=O)c1cc2c([nH]1)CCCC2)C(C1CC1)C1CC1,-29.34
ZINC000152999930,C#CCOc1ccc(CNCCCO[C@@H]2CCOC2)cc1,-13.45
ZINC000357240795,C[C@@H](C(=O)N1CC[C@@H](CN2CCCCC2)C1)C1CNC1,-10.11
ZINC000503727783,CN(Cc1ccco1)C[C@@H]1OC[C@H]2CCN(Cc3ccncc3)C[C@H]12,-19.32
ZINC000492924043,CCO/C=C/C(=O)N[C@@H]1CCc2c1cccc2Cl,-26.98
ZINC000450380200,C[C@@H](CO[C@@H]1CCOC1)Nc1nccc(-c2cnccn2)n1,-31.28
ZINC000292026706,C[C@H](CN(C)Cc1ccccc1)NC(=O)[C@@H]1COC(=O)N1,-26.89
ZINC000420266636,CN(CC(=O)N1CCNCC1)Cc1ccc(C(F)(F)F)cn1,-25.43
ZINC000061371308,O=C(O)c1cccc(C(=O)N[C@@H]2CCCc3sccc32)c1,-67.43
ZINC000267837935,COC(=O)c1c(C2CC2)csc1NC(=O)C(=O)N1CC[C@@H](C)C1,-29.89
ZINC000155038079,Cc1noc(C2CC2)c1NC(=O)NCCCCN1CCC(C)CC1,-25.95
ZINC000334612582,Cn1cnc2c(c1=O)CCN(CCc1ccccc1F)C2,-30.05
ZINC000418990203,CO[C@H](CN=c1nc(O)c2cnn(C)c2[nH]1)CC(C)C,-26.3
ZINC000330499572,COCn1nc(C)c(S(=O)(=O)Nc2ncc(C)o2)c1C,-45.44
ZINC000054793392,Cc1ccc(C(C)C)cc1O[C@H](C)C(=O)N[C@@H](C)C(=O)N(C)C,-36.51
ZINC000554070686,CC[C@@H](C)[C@H](OC)C(=O)NC(C)(C)c1ccccc1F,-20.85
ZINC000261630249,O=C(N[C@@H]1[C@H]2CNC[C@H]21)c1ccc2c(c1)CCC(=O)N2,-29.27
ZINC000527633849,Cn1nc(C(=O)NC23CC4CC(CC(C4)C2)C3)c2ccccc21,-23.09
ZINC000157837111,CC(C)COc1ccc(C(=O)NC[C@@H](C)CC(=O)O)cc1,-56.95
ZINC000345502499,CCCCNC(=O)Cc1noc(CC2(C)CCCC2)n1,-36.43
ZINC000496006795,CC(C)[C@@H]1OCC[C@H]1C(=O)O[C@H]1CC(=O)N(C(=O)OC(C)(C)C)C1,-34.05
ZINC000190436062,COC(=O)[C@@H](C)N(C(=O)c1cn(CCC(C)C)nn1)C1CCC1,-25.4
ZINC000284913957,C[C@H]1[C@H](c2ccccc2)CCN1C(=O)NCCC1(O)CCC1,-28.27
ZINC000520520214,C[C@H]1CCCC[C@H]1CNS(=O)(=O)c1ccc(Cl)c(C#N)c1,-36.15
ZINC000355322580,CSc1ccc([C@H](C)NS(=O)(=O)c2cccnc2C#N)cc1,-36.64
ZINC000299143411,CCN(C[C@H]1CCCO1)C(=O)C(=O)N(C)CC1(c2ccccc2)CC1,-32.44
ZINC000340725100,Cn1ncc(C(=O)N2CCC[C@H](Cc3ccccc3)C2)c1C1CC1,-41.83
ZINC000418322521,C[C@@H](c1cccc(O)c1)N(C)C(=O)NC[C@@H]1CCCNC1,-15.17
ZINC000345874360,CCCc1ccc(C(=O)NCc2ccccc2S(N)(=O)=O)cc1,-40.3
ZINC000277211949,CC(C)NS(=O)(=O)NCCNc1cnccc1C#N,-29.78
ZINC000412787734,CCN(Cc1occc1C)C(=O)[C@@H](C)Cc1c(C)nn(C)c1C,-33.35
ZINC000426328204,CC[C@H]1C(=O)N(CC)CCN1C(=O)C(=O)c1cnn(CC)c1,-36.77
ZINC000535910236,Cc1nnc(NCCc2cnc(C3CC3)nc2)c(C#N)c1C,-40.41
ZINC000497217387,CO[C@H](C)[C@@H](C)NC(=O)[C@H]1CCCN1C(=O)OCC(F)(F)F,-34.94
ZINC000276873495,O=C(NCCc1cccnc1)N[C@@H]1CCCN(C2CCCCC2)C1=O,-30.17
ZINC000344198364,Cc1ccccc1OCCNC(=O)[C@@H]1CC[C@H](O)C1,-31.86
ZINC000345537768,O=C(CCNC(=O)Cc1ccccc1)N[C@@H]1C[C@@H]1c1ccc(F)cc1,-32.5
ZINC000183389189,Cc1nn(C)c(C)c1S(=O)(=O)N[C@H]1CCCOCC1,-37.26
ZINC000271543817,Cc1cnn(Cc2cc(C(=O)N[C@H]3CCO[C@@H](C(C)C)C3)no2)c1,-26.97
ZINC000155600474,COc1ccc2c(c1)OC[C@H](C(=O)N1CCCc3cccc(O)c31)C2,-27.14
ZINC000356898243,C[C@@H]1[C@H](C)N(C)CCN1C(=O)C1(c2cccc(F)c2)CC1,-31.66
ZINC000289733153,Cc1ncc2n1CC[C@@H](c1nc(-c3cc(C)ccn3)no1)C2,-37.97
ZINC000487363539,C[C@@H]1[C@H](CO)CCN1S(=O)(=O)c1csc2ccc(Cl)cc21,-27.49
ZINC000366721451,COCCn1cc(S(=O)(=O)N[C@@H]2C[C@H](c3ccccc3)[C@@H]2C)cn1,-31.75
ZINC000451913481,CCS[C@H](C)c1noc(CN2CC[C@H]([C@H](O)C(F)(F)F)C2)n1,-36.86
ZINC000226186859,C[C@H](C(=O)N[C@@H](C#N)C1CCCCC1)n1cccn1,-30.98
ZINC000153674889,CCc1ncc(C(=O)N2C[C@@H](C)N[C@H](C)C2)s1,-38.12
ZINC000078973145,COC[C@@H](NC(=O)Nc1ccc(-n2ccnn2)cc1)c1ccc(C)o1,-40.74
ZINC000278657317,C[C@H]1CCN(S(=O)(=O)c2ccc3c(c2)OCCO3)CC[S@]1=O,-29.28
ZINC000132772503,O=C(Cn1ccnc1[C@H](O)c1ccccc1)N1CCCCC1,-34.06
ZINC000182564390,CC(C)[C@H]1OCCC[C@@H]1CNC(=O)c1cccc(O)c1,-32.56
ZINC000352116494,Cc1nc([C@H](C)N2CC[C@@H](C(F)(F)F)[C@H](CO)C2)no1,-29.3
ZINC000355907978,CCO[C@@H]1C[C@@H](N(C)CCN2CCCS2(=O)=O)C1(C)C,-29.21
ZINC000448674177,CCCN(CC)C(=O)c1ccc(C(C)(F)F)nc1,-40.52
ZINC000338996846,COC(=O)[C@@H]1CC12CCN([C@H]1CC[C@@H](C)C1)CC2,-3.86
ZINC000194408529,CN(Cc1cc(Cl)cs1)C[C@@H](O)CN1CCOCC1,-26.95
ZINC000055482160,CC(=O)N1CCc2cc(C(=O)NC[C@H]3CCC[C@H](C)C3)ccc21,-33.17
ZINC000350560206,CC(C)(C)Oc1cccc(C[S@](=O)c2cccc(O)c2)n1,-38.2
ZINC000562320887,Cc1cccc2c1OC[C@H](NC(=O)c1ccc(N(C)C)c(F)c1)C2,-25.79
ZINC000292477697,Cc1nc(C(=O)N2CCN(CCCOCC(F)(F)F)CC2)c(C)o1,-47.79
ZINC000152039395,N[C@@H](CNC(=O)Cc1coc(-c2cccs2)n1)c1ccccc1,-16.0
ZINC000248699030,CCn1cc([C@H]2CN(CC(=O)N[C@H](C)C(C)C)CCO2)cn1,-34.28
ZINC000503729471,CN1CCN(C[C@@H]2OC[C@@H]3CN(Cc4ccncc4)CC[C@@H]23)CC1,-12.85
ZINC000370575807,CN(C)c1noc([C@@H]2CCCN2C(=O)C(F)(F)C2(O)CCCC2)n1,-27.84
ZINC000105917000,Cc1nc(CN2CCCN(CCOc3ccccc3C)CC2)no1,-37.54
ZINC000356701834,Cc1cccc(CS(=O)(=O)NC[C@@H](C)C(F)(F)F)c1,-32.04
ZINC000295674176,C[C@@H](C(=O)N[C@@H](C)CCCCO)c1ccc(Br)cc1,-39.4
ZINC000368796891,CC[C@@H](NC(=O)N1CC[C@]2(C1)c1ccccc1NC2=O)c1ccccc1,-28.3
ZINC000359899666,COc1ccc(CN[C@@H](CO)C2CCOCC2)cc1Br,-14.03
ZINC000265861033,CCN(C)C(=O)CN1CCCN(Cc2ccccc2)C[C@H]1C,-14.28
ZINC000136386593,O=C(N[C@@H]1CCCN(Cc2ccccc2)C1)C1CC(=O)C1,-31.33
ZINC000495271634,COC(=O)[C@H]1CCCC[C@@H]1OC(=O)[C@@H](C)NC(=O)OC(C)(C)C,-28.9
ZINC000367681545,Cc1ncccc1CN1C[C@H](c2ccccc2)[C@@H]2COCC[C@H]21,-13.88
ZINC000088408941,COc1ccc(F)c(NC(=O)NCCc2cccs2)c1,-36.12
ZINC000264888405,Cc1ccccc1[C@@H](O)CNC(=O)[C@H](O)c1cccnc1,-44.49
ZINC000492743955,COc1ccc(/C=C\C(=O)N(C)[C@@H](C)C(C)C)cc1O,-22.93
ZINC000288127445,COc1ccc(C(=O)NCc2nc[nH]c2C)c(C)c1OC,-33.77
ZINC000291686137,Cc1ccc(O[C@H](C)CNC(=O)N2CCC(F)(F)[C@H](CO)C2)cc1,-31.13
ZINC000457531730,O=C(NCCCN1CCCCC1)N[C@@H]([C@@H](CO)C1CC1)C1CC1,-17.91
ZINC000331267852,COc1cc(/C(O)=N/C[C@@H]2CCO[C@@H](C)C2)cc(Cl)c1O,-54.5
ZINC000409418603,COC(=O)C1=N[C@H]2C(Br)=CN=C2C=C1,-32.85
ZINC000274283589,COC(=O)C1(C(=O)NCc2cc(F)ccc2N2CCOCC2)CC1,-25.15
ZINC000290296290,COc1ccc(C[C@H](C)N[C@@H](CO)C2CCCC2)cc1,-14.72
ZINC000408131768,CC(C)(C)[C@H]1CCN(S(=O)(=O)c2ccccc2Cl)C[C@H]1O,-32.16
ZINC000331557680,CC(C)C(=O)N1CCCN(C(=O)NC[C@@H]2C[C@@H](C)O[C@@H]2C)CC1,-24.62
ZINC000423925482,C[C@@H](CC(=O)NCc1noc(-c2ccccc2F)n1)[C@H]1CCCNC1,-23.42
ZINC000050116047,COc1ccccc1CNC(=O)CN1CCC[C@@H]1CO,-27.15
ZINC000355847829,Cc1cncc(-c2noc(CCn3cncn3)n2)c1,-35.72
ZINC000358653970,C[C@H](SCc1ncc(Cl)s1)C(=O)NCC(F)(F)F,-31.86
ZINC000458664182,CC[C@@H](O)[C@@H](CC)NC(=O)NCCN1C(=O)NC2(CCCC2)C1=O,-31.54
ZINC000002743633,CCCCN1C(=O)/C(=C/c2cc(C)n(C)n2)NC1=S,-31.62
ZINC000152653115,CN1CCN(C(=O)Cc2cccc(C(F)(F)F)c2)CC1=O,-39.38
ZINC000408376941,C[C@]1(C2CC2)NC(=O)N(CC(=O)N2CCC(O)(C(F)F)CC2)C1=O,-30.06
ZINC000354670222,COCCCC(=O)N(C)C[C@@H](O)COc1ccc(C(F)(F)F)cc1,-30.88
ZINC000426381032,COC[C@@H](C)n1ccc(=NC(=O)c2c(C)cccc2C)[nH]1,-31.54
ZINC000009814305,C[C@H]1CCCC[C@@H]1NC(=O)Cc1csc(NC(=O)c2ccco2)n1,-38.67
ZINC000176399016,COC(=O)C(C)(C)CNC(=O)Nc1ccc(C)cc1OC,-25.78
ZINC000412280388,CC[C@@](C)(O)CN(Cc1ccccc1)C(=O)[C@@H](C)CC(F)F,-25.53
ZINC000341198881,C[C@H]1Cc2cc([N+](=O)[O-])ccc2N1C(=O)COC(F)F,-32.94
ZINC000335292720,Cc1cnc(NC(=O)c2cncc(Br)c2)o1,-30.07
ZINC000349901289,O=C(Nc1ccn(CC(F)F)n1)N1CCC=C(c2ccco2)C1,-34.6
ZINC000283424714,CN1CCN(C(=O)CCN2CCO[C@@H](c3ccccc3)C2)CC1,-29.91
ZINC000347398198,Cc1cc(C(F)(F)F)nc(=NCCCN2CCCC2)[nH]1,-24.53
ZINC000350862183,CCCc1nc(=NC(=O)N(C)[C@H]2CCN(C)C2=O)s[nH]1,-63.94
ZINC000181518368,CN(CC(=O)N(C)c1nccs1)c1ccc(F)c(Cl)c1,-38.69
ZINC000336320190,Cn1cnc(NC(=O)Cc2c(F)cccc2Cl)n1,-37.54
ZINC000248252036,CCCCCCCC(=O)Nc1ccc(OCC(N)=O)cc1,-31.03
ZINC000574771095,C[C@H](S[C@H]1CCc2ccccc2C1)C(=O)NC1CC1,-32.34
ZINC000350192256,C=C(C)CN(C)C(=O)C(=O)Nc1cc2c(cc1[N+](=O)[O-])OCCCO2,-35.11
ZINC000292393713,COC(=O)[C@H](CC(C)C)N(C)Cc1ccc(C(N)=O)cc1[N+](=O)[O-],-33.2
ZINC000262902637,O=C(O)[C@H]1CC[C@@H](NC(=O)C2(OCc3ccccc3)CCOCC2)C1,-58.44
ZINC000356931304,CC[C@H](NC(=O)CC(=O)NC)c1cc(F)cc(Br)c1,-26.82
ZINC000298851894,CC(C)n1ncnc1CNC(=O)C[C@@H](C)C(=O)c1cccc(F)c1,-39.34
ZINC000353767295,COC[C@H](C)CNC(=O)N[C@@H](CO)CC1CCC1,-18.38
ZINC000560364943,COCCCn1cc(C)c(NC(=O)C(=O)NCCCC2CC2)n1,-26.32
ZINC000302253877,C[C@@H](O)CN1CCN(c2ccc(OC(F)(F)F)cn2)C[C@H]1C,-26.6
ZINC000079316653,Cc1cc(F)cc(C(=O)N[C@H](C)c2ccc(-n3cncn3)cc2)c1,-32.97
ZINC000490464836,COC(=O)CCCS(=O)(=O)N1C[C@H](C(F)(F)F)OC(C)(C)C1,-24.62
ZINC000378408009,Clc1ccc(C2=CCN(c3nnnn3-c3ccccc3)CC2)cn1,-45.15
ZINC000341827575,Cc1nc(Cn2nnc(NC(=O)[C@@H]3CCO[C@@H]3C(C)C)c2C)no1,-32.12
ZINC000416786507,CNC[C@@H]1CCN(C(=O)N[C@@H](C)c2ccccc2)C1,-32.12
ZINC000416849447,CC(C)C[C@@H](NC(=O)NC1CCC(N)CC1)c1ccccc1,-21.71
ZINC000576750754,O=C(O)C1CCN(S(=O)(=O)N2CCC[C@H]3COCC[C@@H]32)CC1,-52.38
ZINC000348217349,CCC[C@]1(C)NC(=O)N([C@@H](C)COc2cccc(C)c2)C1=O,-30.27
ZINC000285538357,CN(C[C@@H]1CCC[C@@H]1O)C(=O)C(=O)NC[C@@H]1CC=CCC1,-31.65
ZINC000371846955,COCc1nc(C)cc(N2CCN(C[C@@H]3CN(C)CCO3)C[C@@H]2C)n1,-28.6
ZINC000571028328,Cc1nc(Oc2ccc(C#N)c3ccccc23)nc(N(C)C)n1,-41.3
ZINC000408057495,Cc1cc(N2CCN(C(=O)CO)CC2)c2cc(Cl)cc(C)c2n1,-29.79
ZINC000352329743,CC(C)Cn1cc(N[C@H](C)c2nncn2C)c(C(F)F)n1,-41.91
ZINC000140525310,O=C(CN1CC[C@@]2(O)CCCC[C@H]2C1)NC(C1CC1)C1CC1,-19.75
ZINC000368795374,COc1ccc(CCCC(=O)N2CC[C@@]3(C2)CCCN(C)C3=O)cc1,-31.93
ZINC000548931718,Cc1nccn1CCCNC(=O)c1ccc(S(N)(=O)=O)cc1F,-42.14
ZINC000374568188,COCCN1CCCN(CCCO[C@H]2CCCCO2)CC1=O,-33.81
ZINC000346279139,CC(C)[C@@H](C(=O)N1CCN([C@@H]2C[C@@H]2C)C[C@H](C)C1)N1CCCCC1,-7.04
ZINC000451002023,CC[C@H]1CN(CC2(C(=O)OC)CC2)C[C@H](C)S1(=O)=O,-27.06
ZINC000415446673,NC[C@@H]1CCC[C@@H]1NC(=O)C(=O)Nc1ccc(N2CCCC2=O)cc1,-24.85
ZINC000361099808,CC[C@H](NC(=O)C(=O)N[C@H]1CCO[C@H](C2CC2)C1)C1CCOCC1,-27.98
ZINC000351601776,C[C@H](Oc1ccc(C#N)cc1)C(=O)N(C)[C@H]1CCC[C@@H](C)C1,-32.04
ZINC000347285214,COC(=O)[C@H](Cc1ccccc1)[C@H](C)NC(=O)c1ccncc1C,-24.77
ZINC000370531652,CC(C)=C(F)C(=O)N1CCC[C@H](C(=O)Nc2nccs2)C1,-43.93
ZINC000353573407,C[C@H](NCCCn1cc(CO)nn1)[C@@H]1C[C@@H]1c1ccccc1,-27.49
ZINC000119092241,CCOC(=O)CN(Cc1nc(C)c(C)o1)[C@@H](C)c1ccccc1,-26.58
ZINC000574613555,CC(=O)N(c1ccc(NC(=O)N2CC3(CCC3(F)F)C2)cc1)C1CC1,-48.2
ZINC000066125017,CC[C@H](C)N(C)CCNC(=O)Cc1ccc(C)nc1,-11.06
ZINC000336268246,C[C@@H](NC(=O)[C@H]1CCCNC1)c1cc2ccccc2s1,-19.42
ZINC000342696586,COc1ccc(C(=O)NCCOCCCO)cc1-n1cnnn1,-39.9
ZINC000274275157,Cc1nnc([C@H](C)N[C@H](C)c2ccccc2O)s1,-37.8
ZINC000275069796,CCC(C)(C)N[C@@H](C)C(=O)N[C@@H]1c2ccccc2C[C@@H]1O,-18.95
ZINC000269687439,C[C@H]1CO[C@@H](c2ccccc2)CN1C(=O)c1cccc(N)n1,-45.75
ZINC000344959639,c1cnn(-c2ccc(CNC3(c4ccc5c(c4)OCO5)CC3)cc2)c1,-24.97
ZINC000273466145,N#C[C@@H]1CSCCN1C(=O)c1ccc2c(c1O)CCCC2,-33.82
ZINC000371035811,O=C(c1cc(F)ccc1F)N1CCOC[C@H]1c1ccco1,-28.24
ZINC000350136647,CCOCCN(CC)c1nnc([C@@H]2CCO[C@H]2C(C)(C)C)n1C,-19.7
ZINC000127177022,N#Cc1cccc(S(=O)(=O)NCCCn2ccnn2)c1,-35.56
ZINC000545867159,Cc1nc(CCN=c2cc[nH]cc2C(N)=O)cs1,-40.06
ZINC000276283627,Cc1cc(O)cc(=O)n1CCC(=O)NC[C@@]1(O)CCSC1,-56.52
ZINC000118633626,C=CCCC(=O)N[C@H]1CS(=O)(=O)c2ccccc21,-38.88
ZINC000375843843,COc1ccc(O)c([C@H](C)NC[C@@H]2CCCn3ccnc32)c1,-19.67
ZINC000194796626,C[C@@H](CNC(=O)[C@H]1CNC(=O)C1)N1CCc2ccccc2C1,-30.81
ZINC000495650094,COc1csc(C(=O)OC[C@@H]2CNC(=O)O2)c1,-38.71
ZINC000292237022,CCn1ccnc1C(=O)N1CCO[C@@H](c2ccsc2)C1,-30.32
ZINC000299411525,CCCN(Cc1noc(C)n1)[C@H]1CCc2ccccc21,-28.0
ZINC000571398774,C[C@H](NC(=O)N[C@H]1CCC[C@@H](F)C1)C(=O)NC(C)(C)C,-25.36
ZINC000362016674,CCO[C@@H]1COCC[C@H]1NCC(=O)Nc1cc(C)ccc1OC,-26.76
ZINC000112887961,CCN(C(=O)[C@@H](C)Oc1ccc(F)cc1Cl)[C@H]1CC(=O)NC1=O,-28.82
ZINC000174735843,COc1ccc([C@@H](NC(=O)NCCC(=O)OC(C)(C)C)C2CC2)cc1,-27.14
ZINC000546007085,Cn1cc([N+](=O)[O-])cc1C(=O)N1CCO[C@]2(CCOC2)C1,-33.74
ZINC000330580289,Cn1ncc([N+](=O)[O-])c1C(=O)NCCC(=O)N1CCCCC1,-42.28
ZINC000538909056,COc1ccc2c(c1)OC[C@@H]2CC(=O)N[C@H]1CCO[C@]2(CCOC2)C1,-30.36
ZINC000134244520,Cc1nc(CC(C)C)c(C(=O)NC[C@@H](O)C(C)C)s1,-23.67
ZINC000412113247,CC1(C)CCCN(C(=O)[C@@H]2CCO[C@H]2c2ccccc2)C1,-27.68
ZINC000530464999,C[C@@H](Oc1cccc(Cl)c1Cl)C(=O)N(C)C#N,-27.9
ZINC000333828933,NC[C@@H]1CCCN1C(=O)N[C@@H]1C[C@H]1c1c(F)cccc1F,-14.07
ZINC000293475739,COC[C@H]1CCN1Cc1nn(-c2ccccc2)c2c1CCC2,-29.39
ZINC000037463586,O=C(O)C1(NS(=O)(=O)c2ccc(Cl)cc2F)CCCC1,-39.54
ZINC000267514966,Cc1nc2ccccc2nc1NCC1(C(N)=O)CCCC1,-37.36
ZINC000122524455,CCOCCC1(CNS(=O)(=O)c2ccc([N+](=O)[O-])cc2)CCC1,-31.1
ZINC000359044504,O=C(Nc1ccccn1)c1ccn(Cc2ccccc2)c1,-45.98
ZINC000344440930,CCN1C[C@@H](C)N(C(=O)c2cn(-c3ccc(F)cc3C)nn2)[C@@H](C)C1,-30.26
ZINC000093458732,COC(=O)C[C@H]1CN(Cc2cnc(-c3ccc(C)o3)s2)CCO1,-36.06
ZINC000443793029,NC(=O)CC1(NC(=O)[C@@H]2C[C@@H]2c2cccc(F)c2F)CCC1,-28.57
ZINC000449634717,Cc1cc(C(=O)NC[C@@H]2CCC[C@@H](N)C2)c(C)n1C1CC1,-12.81
ZINC000280957221,COc1cccc([C@@H](C)NC(=O)N2CCCC[C@@H]2c2ccnn2C)c1,-29.53
ZINC000529733985,CNC(=O)NC[C@@H]1CN(C(=O)CC(C)(C)C)CCO1,-29.36
ZINC000170719710,O=C(CN1CCCCC1=O)Nc1ccc(-n2ccnn2)cc1,-43.61
ZINC000344087796,CCC(C)(C)NC(=O)CN1CCC[C@@H](CNS(=O)(=O)C2CC2)C1,-31.43
ZINC000297602741,C#Cc1ccc(CNC(=O)N2C[C@@H](C)OC[C@@H]2C)cc1,-30.0
ZINC000445913706,COc1cc(NC(=O)C(=O)N(C)CCO)cc(OC)c1OC,-30.32
ZINC000289914946,C[C@H]1CN(Cc2ccccc2)C[C@@H]1NCc1ncccc1N(C)C,-17.76
ZINC000129319422,C[C@H](CNc1ccccc1)NC(=O)N[C@H]1CCO[C@@H]1c1ccccc1,-27.36
ZINC000576211541,C[C@@H]1[C@H](C)NCCN1C(=O)NCCNC(=O)c1cnccn1,-24.74
ZINC000450274050,Cc1cc2c(Br)ccnc2cc1NC[C@H](C)CO,-27.23
ZINC000192783635,Cc1cc(C)c(OCC(=O)NCCC(=O)N2CCOCC2)c(C)c1,-27.12
ZINC000411248202,COCC(C)(C)CC(=O)Nc1cccc(C(N)=O)c1,-28.16
ZINC000354348151,C[C@H](CCc1ccco1)NC(=O)c1ccc2cc[nH]c2n1,-38.43
ZINC000371311564,COC(=O)N[C@@H](C(=O)N[C@@H]1CCCc2c1cnn2CCO)C(C)C,-36.25
ZINC000359732888,O=C(c1cccs1)N1CCCC[C@@H]1C(=O)N1CC[C@@H](CC2CC2)C1,-26.66
ZINC000298991342,Cc1noc(CCCC(=O)Nc2cc(C(=O)NC3CC3)ccc2C)n1,-40.87
ZINC000567733756,CC(C)Oc1ccccc1Cn1cnc(C#N)cc1=O,-36.36
ZINC000450031196,COCCCOC1CN(C(=O)c2ccc(C(F)(F)F)[nH]2)C1,-34.89
ZINC000069532148,Cc1ccc(NC(=O)CN(C)C(=O)CCc2ccccc2)nc1,-33.48
ZINC000313172822,C[C@H](Nc1cccc(CCO)c1)c1ccc(S(C)(=O)=O)cc1,-43.86
ZINC000152474756,COc1ccccc1C[C@@H](NC[C@@H]1CCN(C2CC2)C1)C(C)C,-13.62
ZINC000339805533,CSc1ccc(N2C[C@H](C(=O)N[C@@H](C)[C@@H](C)CO)CC2=O)cc1,-29.55
ZINC000359371190,C=CCN(CCC#N)C(=O)c1nnn(-c2ccc3ncccc3c2)c1C,-38.68
ZINC000152216489,CO[C@H]1CCCC[C@@H]1NC(=O)Nc1cccc(-c2ncco2)c1,-33.93
ZINC000425191956,O=S(=O)(NC[C@@H]1C[C@H]1C1CCC1)c1ccccc1,-40.88
ZINC000408437474,C[C@@H]1CC[C@H](NC(=O)N2CCC(NC(=O)C3CCCCC3)CC2)C1,-41.63
ZINC000337892961,CSc1cccc(S(=O)(=O)N[C@H]2CCCCC[C@H]2C(N)=O)c1,-32.52
ZINC000348324610,COc1ccncc1CNC(=O)c1ccc(NC(N)=O)cc1,-49.19
ZINC000342006991,CC#CCCCC(=O)N1CCC(O[C@@H]2CCOC2)CC1,-40.53
ZINC000290634303,Cc1onc(N)c1S(=O)(=O)N1CCO[C@@H](Cn2cccn2)C1,-46.21
ZINC000357551183,N#Cc1ccc(CCC(=O)Nc2cnn(C(F)F)c2)cc1,-36.12
ZINC000338907618,COC[C@@H](C)n1ccc(=NC(=O)C(=O)N=c2cc(C(C)(C)C)o[nH]2)[nH]1,-39.65
ZINC000368051239,FC(F)COc1cnccc1CNC1CC(c2ccccn2)C1,-16.89
ZINC000424828025,CN(CCCO)C(=O)CCc1cccc(OC(F)F)c1,-32.54
ZINC000449682457,COc1cc(CN(CCO)[C@@H]2CCO[C@@H]2C)cc2ccccc21,-16.32
ZINC000345355473,CC(=O)c1oc2cc(C)ccc2c1CC(=O)N[C@@H]1CCOC[C@@H]1C,-26.62
ZINC000121114897,CCCCOC(=O)[C@H](C)N1CCOC[C@@H]1CC(=O)c1ccco1,-25.05
ZINC000282665655,CNC(=O)NC1CN(C(=O)NCCc2cn3ccccc3n2)C1,-36.54
ZINC000357790417,C[C@H]1COCCN1CCNC(=O)Nc1cnn(C(F)F)c1,-30.17
ZINC000544113331,Cc1cccc([C@H](C)CNC(=O)NC[C@@H]2CCCCS2(=O)=O)c1,-29.76
ZINC000416750986,O=C(N[C@H]1CCN(CC(F)F)C1)N[C@H]1CCCSC1,-25.83
ZINC000445166370,O=C(Nc1ccncn1)N[C@@H]1CCN(CCCc2ccccc2)C1=O,-31.48
ZINC000529913121,CC(=O)NCC(=O)N1CCCN(C(=O)[C@]23C[C@H]2CCC3)CC1,-30.04
ZINC000339313428,O=C(NCc1ccco1)C(=O)NC[C@@H]1CCC[C@@H](C(F)(F)F)C1,-31.22
ZINC000335914990,Cc1cc(C(=O)N[C@H]2CCO[C@H](C(C)C)C2)on1,-35.22
ZINC000339887370,Cc1ccc2c(c1C)OC[C@H]2NC(=O)c1sccc1F,-25.37
ZINC000346349346,Cc1nccc(NC(=O)N2CCC[C@](O)(Cn3ccnn3)C2)n1,-39.66
ZINC000294577568,Cc1cc(F)c(CC(=O)N2CCN(c3cccc(O)c3)CC2)cc1F,-31.84
ZINC000358632202,Cc1cnc(C(=O)N[C@H](c2ncccc2C)C(C)C)c(O)c1,-40.39
ZINC000177894182,COc1ccc(NC(=O)[C@H](C)N2CC[C@H](C)[C@H]2C)c(OC)c1,-27.37
ZINC000451079006,CC[C@@H](NS(=O)(=O)c1ccc(C)s1)C(F)F,-37.78
ZINC000569719660,O=C(N[C@@H]1CCC[C@@H](F)C1)N[C@H]1CCOc2c(F)cccc21,-31.58
ZINC000368907687,C[C@]1(NC[C@@H]2CC3(CC3)C(=O)O2)CCO[C@@H]1C1CC1,-19.01
ZINC000359224490,O=C(N[C@@H]1CCN(C2CC2)C1)N1CCC[C@@H](Oc2ccccc2)C1,-26.25
ZINC000357553882,C=CCN(CC(=O)N1CCc2ccccc21)C1CC1,-34.39
ZINC000367012655,CNC(=O)CNC(=O)Nc1cccc2c1CN(c1ccccn1)C2,-33.12
ZINC000339405374,C[C@@H](O)[C@@H]1CCN(C(=O)C(=O)NCC2(N3CCOCC3)CC2)C1,-25.98
ZINC000373446977,O=C1O[C@H](CN2CC[C@H]3CCOC(=O)[C@@H]32)CN1c1ccccc1,-37.26
ZINC000375967985,CNCCC(=O)N1C[C@@H]2[C@H](c3ccccc3)N(C)C[C@H]2C1,-13.12
ZINC000281018772,CC[C@H]1CN(C(=O)c2ccnc(OCC(F)(F)F)c2)CCCO1,-33.07
ZINC000348873564,C[C@@H](C(=O)N(C)Cc1ncc[nH]1)c1ccc([N+](=O)[O-])cc1F,-29.79
ZINC000132926595,COC(=O)c1ccc(N[C@@H]2CCN(c3ccccc3OC)C2=O)cc1,-42.01
ZINC000439029210,Cc1csc(CNC(=O)Nc2ccn3ccnc3c2)n1,-38.96
ZINC000456044773,Cc1cc(C(=O)NCC[C@@H]2C[C@@H]3C=C[C@H]2C3)c2c(O)nn(C)c2n1,-24.27
ZINC000554550870,CC[C@H]1CCCN1C(=O)c1cnc(C(C)(C)C)nc1,-26.1
ZINC000273098150,CO[C@@H](C)CCC(=O)N[C@@H](C)CC(=O)c1cccs1,-22.36
ZINC000414781999,CNCc1cccc(NC(=O)C(=O)N2CC[C@@H](C)C2)c1,-23.71
ZINC000493675436,CSCC[C@@](C)(C#N)NC(=O)/C=C\c1cnc(C)s1,-33.79
ZINC000410726959,N#Cc1cscc1C(=O)N1CCN(C2CC2)c2ccc(F)cc21,-37.49
ZINC000332530522,CO[C@H]1CCC[C@@H](C(=O)N2CCc3nnc(O)cc3C2)C1,-32.82
ZINC000493816183,CC(C)c1cccc(NC(=O)C(=O)N[C@@H](C)CC(N)=O)c1,-24.64
ZINC000424575388,N#C[C@H](c1ccccc1)N1CCN(C(=O)[C@@H]2CCC[C@@H](F)C2)CC1,-32.61
ZINC000368453963,C[C@H](C#N)NC(=O)[C@@H]1CC(=O)N(c2ccccn2)C1,-37.04
ZINC000289900960,OC[C@@]1(CNCc2ccco2)C[C@H]1c1ccccc1,-16.42
ZINC000334082514,CCN1C[C@H](NC(=O)NC[C@@]2(O)CCSC2)CC1=O,-50.0
ZINC000339915612,Cc1cc(NC(=O)c2ccc3cncn3c2)c(=O)n(C)c1,-36.06
ZINC000412718664,CC[C@@H](NC(=O)c1cncc(OC)n1)[C@@H](O)C(C)C,-18.15
ZINC000533222996,CCc1nc(-c2ccc(C(=O)N(CC)C3CCC3)cc2)n[nH]1,-33.75
ZINC000478572163,Cc1cnn(CC(=O)N[C@H]2C[C@H](c3ccc(Cl)cc3)C2)c1,-37.06
ZINC000346575685,O=C(N[C@H](CC(F)(F)F)c1ccccc1)N1C[C@H](F)C[C@H]1CO,-22.51
ZINC000418230396,CC[C@@H](COCC(F)(F)F)NC(=O)NCC[C@H]1CCCNC1,-6.51
ZINC000134268874,C[C@@H]1OCC[C@@H]1NC(=O)c1n[nH]c(=O)c2ccccc21,-29.95
ZINC000439657100,CCOC(=O)CC(=O)N[C@@H](c1ccc(C(F)(F)F)cc1)C(C)C,-29.23
ZINC000295414657,CNC(=O)OC[C@H]1CCCCN1C(=O)c1cccc(C(F)(F)F)n1,-35.6
ZINC000421431422,COc1ccc(Cl)cc1CN(C)C(=O)[C@]1(C)CC1(F)F,-30.37
ZINC000527053856,COC(=O)[C@H]1CCN(C(=O)COc2cc(C)cc(C)c2)[C@@H]1C,-28.31
ZINC000580818457,CC(C)OCc1ccccc1CNC(=O)N[C@H](C)c1ccnc(O)c1,-30.17
ZINC000448697470,CCOC(=O)c1cc(C(=O)NCc2cccnc2N(C)C)[nH]c1C,-34.11
ZINC000371473562,C=CCCC[C@H](C)NC(=O)c1cnn(CCN2CCOCC2)c1,-15.08
ZINC000171385941,CCCCCCC(=O)N1CCC(CNC(=O)c2cnn(C)c2)CC1,-34.42
ZINC000281560484,CCOCC1(C(=O)NCc2ccnc(-n3ccnc3)c2)CC1,-36.77
ZINC000571927517,NC(=O)Cn1cc(NC(=O)N(CC2CC2)CC2CC2)ccc1=O,-36.16
ZINC000181091912,Cc1noc(C)c1S(=O)(=O)Nc1cccc(N(C)C)n1,-50.82
ZINC000497173052,Cc1ccc(NC(=O)C(=O)N[C@H]2[C@@H]3CCC[C@@H]32)cc1N1CCOC1=O,-32.33
ZINC000293077923,Cn1ccnc1COc1ccc(CN2CCC[C@@H](O)CC2)cc1,-31.5
ZINC000424662774,CCOC(=O)C(C)(C)N(C)C(=O)[C@H]1CCCC[C@H]1C,-24.76
ZINC000565032177,O=C(O)C1CCC(CC(=O)N[C@H]2CCCOc3cc(F)ccc32)CC1,-54.87
ZINC000077540539,Cn1nc(C(C)(C)C)cc1C(=O)N1CCN(C(=O)[C@H]2CCCO2)CC1,-24.52
ZINC000574027015,COc1ccc(CN(C)CC2(CO)CC2)c(OCc2cccnc2)c1,-34.95
ZINC000273050955,C[C@H](NC(=O)NCC[C@H]1CCO[C@H](C)C1)C(=O)Nc1ccccc1,-27.89
ZINC000368119671,CCO[C@@H]1C[C@H](NC(=O)NC2CCCC2)[C@]12CCCO2,-29.68
ZINC000334719439,COc1cccnc1CNC(=O)N1CC[C@H](C)[C@H]1C,-23.14
ZINC000264063417,CN(C)S(=O)(=O)c1ccc(C/N=C(\N)NC(C)(C)C)cc1,-22.23
ZINC000524503307,Cc1ccc(O)c(C(=O)NCCc2nc3ccccc3n2C(F)F)c1,-48.98
ZINC000348207500,COC(=O)CN(CC(=O)N1CCN(CC(=O)N(C)C)CC1)C1CC1,-30.99
ZINC000004394661,N/C(=N\O)c1ccc(OCc2ncc(C(F)(F)F)cc2Cl)cc1,-31.52
ZINC000578394839,COc1cc(C)c(S(=O)(=O)N(C)c2ccc(C)cn2)cc1Cl,-27.84
ZINC000343505380,NC(=O)c1ccc(C(=O)Nc2cnn(C(F)F)c2)o1,-32.3
ZINC000161558161,CC(C)C[C@@H]1CCCCN1C(=O)NCCn1cc([N+](=O)[O-])cn1,-31.15
ZINC000410438311,CCC(=O)N[C@H]1CCCN(C(=O)C(=O)N2CCS[C@@H](C)C2)C1,-27.07
ZINC000411276125,Cc1cc(NC(=O)C(=O)N2CCS[C@H](C(C)C)C2)cc2n[nH]cc21,-40.64
ZINC000282607076,CC[C@@H](C)c1ccccc1NC(=O)[C@H](C)N(C)CCOCCO,-22.81
ZINC000330578714,COC(=O)c1cc(/C(O)=N/C[C@]2(O)CCC[C@@H](C(F)(F)F)C2)c[nH]1,-27.36
ZINC000289627619,COC[C@@H](NS(=O)(=O)c1cncc(C#N)c1)c1ccc(C)o1,-52.65
ZINC000362138020,Cc1nc(=NC(=O)c2cc([N+](=O)[O-])cnc2C)s[nH]1,-61.7
ZINC000520870280,Cc1cc(CNC[C@H](O)COc2ccc3ccccc3c2)no1,-34.24
ZINC000345068845,COC(=O)[C@@H]1CCN(C(=O)c2occc2C)[C@H]1C(C)C,-20.3
ZINC000347351567,O=C(CN1CCC[C@@](F)(CO)C1)NC(=O)NC1CC1,-20.54
ZINC000564018976,O=C(c1cnc2ccccn21)N1CCOc2c(F)cccc2C1,-40.35
ZINC000275978407,Cc1cc(N2CCC(NC(=O)NCCc3cccs3)CC2)[nH]n1,-50.36
ZINC000280948476,CC(C)n1nccc1CNC[C@@](C)(O)c1cccs1,-18.71
ZINC000454902707,COC(=O)c1cc(NC(=O)N[C@@H](C)Cc2cnn(C)c2)ccc1C,-40.08
ZINC000153451252,CN(C)S(=O)(=O)c1cc(C(=O)N[C@H]2C[C@@H]2C2CCCCC2)co1,-33.57
ZINC000341668473,C[C@@H]1CN(C2CC2)C[C@@H]1NC(=O)N[C@@H]1CCN(C2CCCC2)C1,-9.84
ZINC000450749453,CCO[C@@H]1CCN(c2ccnc(C(F)(F)F)c2)C[C@@H]1C,-30.33
ZINC000335085144,C[C@H]1CC(C(=O)N2CC(C3CCC3)C2)C[C@H](C)O1,-22.32
ZINC000375337812,COc1ccc(CCC(=O)N2CC[C@]3(C2)CCCOC3)cc1F,-29.89
ZINC000452102889,CCC[C@H](CC)S(=O)(=O)N(C)[C@H]1CCN(C(C)C)C1,-14.23
ZINC000423438923,CC(C)[C@H](C(=O)N1CCN(Cc2cnn(C)c2)CC1)[C@@H](C)N,-20.79
ZINC000458194667,Cc1csc(CCC(=O)Nc2ccc(OCCN(C)C)c(C)c2)n1,-29.05
ZINC000273574099,CCCc1nc(C(=O)Nc2cc3[nH]ncc3cc2C)co1,-29.59
ZINC000360913344,C[C@H](CNc1nccnc1OC(F)F)N(C)Cc1ccccc1,-18.67
ZINC000457986072,CC(C)C[C@@H]1C[C@H]1NC(=O)[C@H]1CCc2ccccc21,-28.05
ZINC000562381742,C[C@@H](C(=O)N1CCCc2cccc(OC(F)F)c21)c1cncnc1,-33.91
ZINC000497033019,Cc1ccc(C(=O)NC2(CCO)CN(C(=O)OC(C)(C)C)C2)n1C,-23.26
ZINC000459999538,C[C@@]1(C(N)=O)CCN(C(=O)C(=O)N2CCOC(C)(C)C2)C1,-32.55
ZINC000376796748,COCC[C@H](C)N[C@H]1CCN(S(=O)(=O)c2ccccc2)C1,-17.09
ZINC000305218910,Cc1ccc(C(=O)CCC(=O)N(C)CC2(O)CCCC2)cc1C,-26.0
ZINC000177098495,Cc1cc(NC(=O)C(=O)N[C@H]2CCO[C@H]2c2ccccc2)ccc1F,-31.14
ZINC000329022375,C[C@@H]1CN(C(=O)[C@@H]2CC(=O)N(C)[C@H]2c2ccnn2C)C[C@@H](CO)O1,-29.95
ZINC000194498459,CC[C@@H]1CN(C(=O)NCc2ccc(Br)c(F)c2)CCO1,-26.29
ZINC000566321822,Cc1ncc2n1C[C@H](C(=O)N[C@@H](c1nccn1C)c1ccccc1)CC2,-30.01
ZINC000357629028,Cc1ccc2nc(CN3CCC(N(C)CCO)CC3)cc(=O)n2c1,-30.74
ZINC000433335723,CC[C@H](C)N(C)CCNCc1ncc(C(F)(F)F)s1,-17.01
ZINC000346979526,O=S(=O)(NCc1c(F)cccc1Cl)c1ccc(F)cc1,-38.25
ZINC000408520213,CNC(=O)CN1CCCC[C@@H]1[C@@H]1CCCN(C(=O)OC(C)(C)C)C1,-21.92
ZINC000091956440,CC(C)Oc1ccc(NC(=O)N[C@H]2CC[C@@H](N(C)C)C2)cc1,-24.6
ZINC000413619742,CC[C@H](CNC(=O)N[C@@H](C)c1cnn(CC)c1)CC(F)(F)F,-35.06
ZINC000554030130,O=C1N[C@H](C2CCCCC2)C(=O)N1CCCCOc1ccc(F)cc1,-26.85
ZINC000284533075,C[C@H](O)CN1CCN(C(=O)Nc2ccc3c(c2)C(=O)CCC3)CC1,-38.88
ZINC000133023332,CC[C@@H]1CCN(C(=O)Nc2ccn(CCOC)n2)C1,-29.48
ZINC000457703554,Cn1ccc(CCNC(=O)C2CC(C(C)(C)C)C2)n1,-36.38
ZINC000415020067,NC[C@H]1CC[C@H](CNCc2ccn(C(F)F)n2)CC1,-7.67
ZINC000458804262,COC[C@H]1CCCCN1C(=O)NCC1(COC)CCOCC1,-23.51
ZINC000261617728,Cn1c(CCNC(=O)[C@@H]2CCC[C@@H]2CN)nc2c1cccc2F,-17.57
ZINC000292876734,C[C@@H]1CN(Cc2ccccc2)CCN1C(=O)CCc1cncnc1,-37.74
ZINC000351797108,COC[C@@H](NC(=O)CCc1ccc(C)o1)C(=O)OC,-36.34
ZINC000343614578,CC(=O)c1c[nH]c(C(=O)NCc2cccc(NC(N)=O)c2)c1,-36.3
ZINC000288825808,CSCCN1CC[C@](CO)(Cc2ccc(F)cc2)C1,-14.26
ZINC000373489567,COCCN(C)c1ccc(CN2CCC[C@H]3OCC[C@H]32)cn1,-23.52
ZINC000072141827,Fc1cccc(F)c1CC[C@H]1CCCN(CCCn2cnnn2)C1,-20.61
ZINC000422103582,CNc1ccccc1C(=O)NCC1(CC(N)=O)CC1,-37.24
ZINC000567689925,CCNC(=O)N1CC[C@@H](NC[C@@H](O)CSC)C1,-22.91
ZINC000366248171,COc1cccc(N2CCC(N[C@@H](C)C3CCOCC3)CC2)c1,-19.42
ZINC000331413905,O=C(NCCCN1CCCCCC1=O)N1CCO[C@@H](CO)C1,-27.23
ZINC000372285613,CC(C)CSCCNC(=O)N1CCCN(C2CCOCC2)CC1,-24.7
ZINC000114930758,Cc1ccc(CNC(=O)N2CCC[C@H]2c2ccc[nH]2)cn1,-33.45
ZINC000349470382,Cc1cccc(NS(=O)(=O)CCCS(=O)(=O)N2CCCO2)n1,-42.88
ZINC000097095968,Cc1cc(CNC(=O)Nc2ccc([N+](=O)[O-])c(C)c2)on1,-43.7
ZINC000266400203,CCC(O)(CC)CNC(=O)Nc1cnn(CC(C)C)c1,-35.53
ZINC000278362794,Cc1cccc([C@H](CNC[C@@H]2CCSC2)N2CCOCC2)c1,-14.52
ZINC000282111428,Cc1ccccc1NCCC(=O)NCc1ncnn1C(C)(C)C,-28.99
ZINC000282312449,CC(C)Sc1c(Cl)cccc1NC[C@@H]1CNC(=O)O1,-27.88
ZINC000184054091,O=C(N[C@H](CCO)c1ccco1)c1ccc2[nH]cnc2c1,-35.02
ZINC000002619649,CCCNC(=O)COc1ncnc2scc(-c3ccc(F)cc3)c21,-36.42
ZINC000173106927,CSCCC(=O)Nc1cc(C(N)=O)ccc1CN(C)C,-28.83
ZINC000419520617,Cc1c2ccccc2n(C)c1CNC(=O)N[C@H]1C[C@@](C)(O)C1,-36.34
ZINC000368669204,O=C(c1ccc2nc[nH]c2n1)N1CCO[C@H](c2cccc(Cl)c2)C1,-36.1
ZINC000378301804,COc1cc(CN2CCCC[C@H]2c2nnc3n2CCCC3)ccn1,-38.05
ZINC000170735106,CC[C@@H](C)N(C)CCNC(=O)Cc1cnn(C)c1,-21.37
ZINC000493400864,CC[C@@H](NC(=O)/C=C/C1CCOCC1)c1ccccc1,-23.89
ZINC000125562252,Cc1cc(CC(=O)N[C@@H](C)Cc2ccccc2F)n[nH]1,-37.14
ZINC000354604047,COc1cc(C)ccc1OCC(=O)NCCOC(F)(F)F,-24.34
ZINC000415850111,C/C=C/c1ccc(NC(=O)C(=O)N[C@@H](CCN)C(F)(F)F)cc1,-19.68
ZINC000191026109,CCC1(CO)CCN(C[C@@H](O)C2CCCCC2)CC1,-10.78
ZINC000413457855,CCC[C@@H](N=c1nc(O)c2cnn(C)c2[nH]1)C1CCCC1,-33.0
ZINC000359992332,CO[C@@]1(CN[C@@H](C)c2ccc(Cl)cn2)CCOC1,-10.42
ZINC000351528214,CCC(=O)c1ccc(-c2nc(-c3ccc4c(c3)CC(=O)N4)no2)cc1,-35.67
ZINC000282111004,CC[C@@H](C)C(=O)Nc1ccc(O[C@@H]2CCCC[C@H]2O)cc1,-30.59
ZINC000336900902,Cc1ccsc1CNC(=O)CCCNC(=O)[C@H]1CC=CCC1,-32.72
ZINC000416336418,COc1cc(NC(=O)[C@H]2CCO[C@@H](C)C2)ccc1OCCN(C)C,-24.04
ZINC000401236431,O=S(=O)(NCCC[C@H]1CCOC1)c1ccc(F)cc1,-32.29
ZINC000331224808,CNS(=O)(=O)C[C@@H]1CCCN1C(=O)c1ccc(C(C)C)cc1O,-32.24
ZINC000341869872,Cn1cc(NC(=O)c2ccc(OCC(F)(F)F)cc2)ccc1=O,-35.47
ZINC000298134171,CC(C)[C@]1(CO)CCCN(C(=O)NCCc2cn[nH]c2)C1,-24.9
ZINC000433066341,CC(C)(C)OC(=O)CNC(=O)CN1CCC[C@@H](c2ccccc2)C1,-24.55
ZINC000448752310,CCN(C(=O)c1ccc(-n2nnnc2C)cc1F)C(C)C,-36.04
ZINC000054053791,C[C@@H](C(=O)O)N(C)S(=O)(=O)c1ccccc1OC(F)(F)F,-54.35
ZINC000119228410,CCOC(=O)CN(C(=O)c1cnn(CC(C)C)c1CC)C1CC1,-26.46
ZINC000236826858,CCN1CCCC[C@H]1CNC(=O)[C@@]1(C)CCCCN1,-3.55
ZINC000157366599,O=C(CN1CC[C@H](CO)C1)N1CCN(C(=O)c2ccco2)CC1,-36.3
ZINC000297360657,C=C[C@@H](CO)NC(=O)Nc1ccc([C@H]2CCOC2)cc1,-39.37
ZINC000045743295,O=S(=O)(NC[C@H]1CCOC1)c1cc(C(F)(F)F)ccc1Cl,-23.48
ZINC000186603760,CC[C@H]1[C@@H](C)CCN1S(=O)(=O)c1cc(C(=O)OC)co1,-20.38
ZINC000358114627,CCc1nc(C)c(NC(=O)C(=O)N(C)C2CCC(F)(F)CC2)s1,-28.67
ZINC000135929884,COCc1nc(C)c(C(=O)N[C@@H](C)CC(C)(C)OC)s1,-32.63
ZINC000291551728,Cc1ccc(C)c(-n2cnc(=O)n2Cc2cc(C)ncn2)c1,-44.27
ZINC000267699970,CCC[C@@H]1C[C@@H]1NC(=O)c1cccc(Cn2ccnc2)c1,-42.9
ZINC000280517183,CCCNC(=O)CCCC(=O)N[C@@H](CCC)[C@H](O)c1ccccc1,-29.12
ZINC000360938803,CC[C@H](CO)NC(=O)c1cc(Cl)cc2c1OCC2,-37.49
ZINC000361213414,COc1ccc(NC(=O)N2CCCC[C@@H]2[C@H]2CNC(=O)C2)cn1,-30.54
ZINC000567248024,CCO[C@H](CC(=O)Nc1cccc2nc(O)[nH]c21)C1=CCCC1,-26.03
ZINC000560710723,CCNC(=O)CCCC(=O)NCCCc1nc[nH]n1,-39.56
ZINC000373482135,C#C[C@@H](C)NC(=O)N1CCC[C@@H](NS(=O)(=O)c2ccccc2)C1,-29.18
ZINC000289953937,COc1cccc(CN(C)C(=O)C(=O)N[C@@H](C)C2=CCN(C)CC2)c1,-28.64
ZINC000565240180,N[C@@H]1C[C@@H]2CN(C(=O)c3cccc(C4CC4)c3)CCN2C1=O,-24.76
ZINC000496543373,CC[C@@]1(C)OC(=O)N(Cc2ccc([N+](=O)[O-])c(OC)c2)C1=O,-34.65
ZINC000185479842,CC#CCCCC(=O)Nc1cccc2c1C(=O)N(C)C2=O,-28.78
ZINC000432637776,CC[C@@H](C)NC(=O)N[C@@H](c1cc(F)ccc1F)C(F)F,-21.26
ZINC000359226452,COC[C@@H](C)NC(=O)N1CCO[C@@H](COc2ccccc2)C1,-22.64
ZINC000177784850,C[C@@H](NC(=O)N[C@@H]1CCCOC1)c1cccc(OC(F)(F)F)c1,-29.85
ZINC000093077594,C[C@H](C(=O)NC1CCCC1)N1CCN(C[C@H]2CC=CCC2)CC1,-17.4
ZINC000347376012,COC(=O)c1cc(CN(C)CC[C@@H]2CCCCO2)oc1C,-14.4
ZINC000457015240,O=C(CCc1cncc2ccccc21)N1CCN[C@@H](c2ccccc2)C1,-29.84
ZINC000411318035,Cc1ccc(C)c([C@H]2CN(CCC3(O)CCC3)[C@H](C)CO2)c1,-16.8
ZINC000330826401,CC[C@@H]1C[C@@H](C(=O)NCCC[S@@](C)=O)CC(=O)N1,-30.4
ZINC000347180958,CCN(CCNC(=O)N1C[C@@H](COC)OC(C)(C)C1)C1CC1,-23.11
ZINC000355768256,COCc1ncc(C(=O)N[C@@H]2[C@H](C)[C@H](OC)C2(C)C)c(N)n1,-29.95
ZINC000337209729,CSc1ccccc1[C@H](C)NS(=O)(=O)c1cncc(Cl)c1,-28.07
ZINC000362932808,Cc1cc(CC(=O)NC2CCN(Cc3cccc(C)c3)CC2)no1,-27.77
ZINC000376921958,CC(C)(O)CCNC(=O)N1CCC[C@H]1c1cccc(Cl)c1,-33.46
ZINC000411389356,CC(C)Cc1c[nH]c(C(=O)N2CCC(N(C)C)CC2)c1,-21.41
ZINC000346728000,O=C(NCCc1ccco1)c1cnc2c(F)cccc2c1,-34.81
ZINC000493795354,O=C(/C=C/c1cnccn1)NCCC1CC(F)(F)C1,-26.14
ZINC000294369648,CN1CCC[C@@]2(CCN(C(=O)[C@H]3CCO[C@@H]3c3ccncc3)C2)C1,-34.35
ZINC000159822312,CCNC(=O)NC(=O)CN1CCC[C@H]1c1cccc(C)n1,-37.97
ZINC000455181027,O=C(NC(CF)CF)N1CC[C@@H](Cc2ccc(F)cc2)C1,-27.9
ZINC000352882125,C/C=C\C[C@H](CO)NC(=O)Nc1ccnc(-c2ccccc2)c1,-38.9
ZINC000269823499,COc1cc(NC(=O)CNc2ncnc3c2cnn3C)cc(OC)c1,-41.58
ZINC000160250197,CC[C@@H](N[C@@H](CCO)CSC)c1ccc(OC)cc1,-15.4
ZINC000284933589,Cc1[nH]c2ccccc2c1C(=O)N1CCO[C@H]2CCN(C)C[C@H]21,-23.34
ZINC000346013326,CCCOc1cccnc1C(=O)NC[C@@H]1CCCCN1CC,-19.32
ZINC000345990671,CN(C)C(=O)Cn1ccc(NC(=O)C(=O)N2CCOC3(CCC3)C2)n1,-52.59
ZINC000289011487,COCc1n[nH]c([C@@H]2CCCCN2Cc2ncc(Cl)n2C)n1,-27.05
ZINC000330553249,Cc1ccc([C@H](C)[C@H](O)C(=O)N2CCC[C@H](OCCO)C2)cc1,-26.91
ZINC000495481713,COC(=O)N1CCC[C@@H]([C@H](C)NCC(=O)N(C)c2ccccc2)C1,-22.56
ZINC000041103822,C[C@H](Oc1ccc(Cl)c(Cl)c1)C(=O)NCC(F)(F)F,-36.45
ZINC000194526253,CN(C(=O)NCCOc1ccc2c(c1)OCO2)c1ccc(F)cc1,-38.19
ZINC000361428069,C[C@]1(O)CCN(CC(=O)Nc2ccnn2CC2CCCCC2)C1,-30.24
ZINC000339078357,COC(=O)[C@@H]1C[C@@H](OC)CCN1CCOCCC#N,-33.63
ZINC000560437151,CCOC(=O)c1cn(CCNC(=O)C2C[C@H](C)O[C@@H](C)C2)cn1,-33.84
ZINC000469616926,C[C@H]1COCC[C@@H]1C(=O)NCCCOc1ccc2ccccc2c1,-30.31
ZINC000454026164,CC(C)OC(=O)[C@H](C)NC(=O)C(=O)Nc1cc(Cl)cc(Cl)c1,-27.08
ZINC000420274591,C[C@@H]1CCN(c2ccnc(Cc3ccccc3)n2)C[C@@H]1CN,-27.64
ZINC000341538055,C[C@@H]1CN(C2CC2)C[C@H]1NC(=O)NCCCN1C[C@@H](C)O[C@@H](C)C1,-30.87
ZINC000346074847,CCN(CC)CCCNC(=O)N[C@@H](CO)c1cccc(Cl)c1F,-21.03
ZINC000452659066,Cc1nc2ccccc2n1CC(=O)N1CCC[C@@H]1[C@@H]1CCC[C@H]1O,-42.67
ZINC000265026576,CCOC[C@H](O)CN1CCO[C@@H](c2ccc(Cl)cc2)C1,-26.76
ZINC000152052175,CCOc1ccc(C(F)(F)F)cc1NCC1(CO)COC1,-31.76
ZINC000245615608,CCS(=O)(=O)c1ccc(CN[C@@H]2C[C@@H](C)N(C)C[C@H]2C)cc1,-29.22
ZINC000348030805,CCOC(=O)CCCS(=O)(=O)NCc1nccn1C(F)F,-19.05
ZINC000261672928,CN[C@@H](C)CNC(=O)[C@H](C)c1ccc(OC)cc1,-14.86
ZINC000357595409,COC(=O)CCC(C)(C)NC(=O)c1cc(-c2ccccc2)no1,-40.67
ZINC000152443868,COc1ccc(CC(=O)NCC(C)(C)c2cccc(OC)c2)cc1,-31.94
ZINC000497237289,CC(C)(C)OC(=O)NCC1(C(=O)Nc2ccc3cc[nH]c3n2)CC1,-41.79
ZINC000361414723,CC(C)N(CC(=O)N(Cc1ccccc1)[C@@H](C)C1CC1)[C@H]1CCOC1,-19.76
ZINC000051989302,O=C(N[C@H]1CCCC[C@@H]1O)c1ccccc1Br,-29.85
ZINC000000199393,COc1ccc(S(=O)(=O)Nc2nnc(C(C)C)s2)cc1,-51.86
ZINC000281023713,CCO[C@H]1C[C@@H](NC(=O)[C@@H]2C[C@H]2c2ccc(F)cc2)C12CCOCC2,-30.63
ZINC000359813788,C[C@@H]1Oc2ccccc2[C@@H]1NC(=O)N(C)C[C@H]1CCN(C)C1,-25.1
ZINC000429244886,CCCc1n[nH]c(=NC(=O)N[C@@H]2CCC[C@H]2CCO)s1,-25.93
ZINC000292812029,COC(=O)COc1cccc(NC(=O)NOCC2CC2)c1,-31.98
ZINC000268416821,CCNC(=O)c1ccc(N[C@@H]2CCC[C@@H]3OCC[C@@H]32)nc1,-36.13
ZINC000330451574,Cc1cnc(OC[C@@H]2CCC(F)(F)C2)c([N+](=O)[O-])c1,-34.94
ZINC000290311664,COc1ccc([C@H](OC)[C@H](C)NC(=O)[C@H]2CCN[C@@H]2C(C)C)cc1,-20.71
ZINC000346657808,O=C(Nc1ccc(OCc2noc(C3CC3)n2)cc1)c1ccncc1,-31.04
ZINC000519739208,CCCN1CCC(CNC(=O)Nc2cc([C@H]3CCCO3)nn2C)CC1,-24.84
ZINC000466738612,CCc1cccc(N(C#N)CC(=O)N2CCCC[C@H]2CC)c1,-35.41
ZINC000278500603,CC[C@H](C)Oc1ccc(NC(=O)C(=O)N[C@@H]2CCOC[C@H]2C)cc1,-24.61
ZINC000076048537,COc1ccc(Cl)cc1CN1CCO[C@@H](c2nc(C)n[nH]2)C1,-37.21
ZINC000341080933,CO[C@@H](CNC(=O)NCCS(=O)(=O)NC(C)C)C(C)C,-23.74
ZINC000298665793,CC(C)N(CC(N)=O)C(=O)Cc1csc2ccccc12,-32.33
ZINC000271685356,CC(C)[C@H]1C[C@@H](NC(=O)[C@H](C)NC(=O)c2cccs2)CCO1,-30.45
ZINC000337000472,CNC(=O)CNC(=O)c1cccc(N[C@@H](C)c2c(F)cccc2F)c1,-41.55
ZINC000361175656,C[C@H](C(=O)OC(C)(C)C)c1noc([C@H]2[C@@H]3CCCC[C@@H]32)n1,-35.24
ZINC000188264702,Cc1nccnc1[C@@H](C)NC[C@@H](O)CS(=O)(=O)c1cccs1,-37.5
ZINC000299500439,C[C@@H]1CCCN(CCNC(=O)NCc2ccccc2O)C1,-21.97
ZINC000281036644,COc1ccccc1-n1nccc1CN1CCN(C[C@H](C)O)[C@@H](C)C1,-31.3
ZINC000352713241,CCn1nncc1C(=O)Nc1ccc(OCC(=O)NC(N)=O)cc1C,-36.16
ZINC000423518645,CN1CCNC[C@@H]1CN[C@@H](c1ccc(F)cc1)c1cccnc1,-23.81
ZINC000003501698,COc1ccc(-n2nnnc2S[C@H](C)C#N)cc1,-39.34
ZINC000343182235,C[C@H](Cn1ncc2ccccc2c1=O)NC(=O)Cc1cnn(C)c1,-35.03
ZINC000495935087,CC[C@@H](NC(=O)CCCNC(=O)OC)[C@@H](O)C(C)C,-27.53
ZINC000375945659,CCCCn1ncc(C(=O)N2CCn3c(nnc3C(C)C)C2)c1CC,-34.12
ZINC000424994882,CNS(=O)(=O)NCC(=O)N1CCN(C(C)(C)COC)CC1,-26.33
ZINC000281735580,C[C@@H]1C[C@H](C)[C@H](C(=O)NCCc2ccc(Cl)nc2)O1,-27.99
ZINC000416666057,COCC1(S(=O)(=O)N2CCC[C@H]2C(=O)NCC(=O)OC)CC1,-6.92
ZINC000344228051,CCC(CC)[C@H](O)CNC(=O)N[C@@H]1CCCN(C)[C@@H]1C,-6.4
ZINC000187336622,CCOc1ccc(CNC(=O)N[C@@H]2C[C@H]3OCCC[C@H]23)cc1OC,-41.08
ZINC000339544189,C[C@H]1N(C(=O)NCCc2cnc(C3CC3)nc2)CCOC1(C)C,-31.65
ZINC000371558735,O=C(CSCc1cscn1)N1CC=C(c2cncc(F)c2)CC1,-32.41
ZINC000363390236,Cc1ccn2c(c1)ncc(C(=O)N[C@@H]1CCN(C3CCCC3)C1)c2=O,-29.12
ZINC000194821277,Cn1nccc1/C=C/C(=O)N[C@H]1CCCOc2ccccc21,-25.71
ZINC000375793129,Cc1cc(C)n([C@@H]2CCCN(Cc3cc(=O)n(C)c(=O)n3C)C2)n1,-34.86
ZINC000354767084,C[C@@H]1CC[C@H](CNC(=O)C(=O)N(C)CCCO)C1,-29.85
ZINC000343331297,Cc1cc(C)n([C@H](C)CC(=O)N2CC[C@H](C3CC3)C2)n1,-31.61
ZINC000345922867,CC[C@@H]1C(=O)NCCN1C(=O)[C@H]1[C@H](c2ccccc2)C1(F)F,-30.04
ZINC000337440403,CN(CC(N)=O)C[C@H]1CN(Cc2cn3cccnc3n2)CCO1,-42.5
ZINC000294827302,C[C@@H]1CCN(C(=O)c2c[nH]c(C#N)c2)[C@@H](CNC(=O)OC(C)(C)C)C1,-24.58
ZINC000328868234,Cn1cc([C@@H]2CCCCN2C(=O)c2ccncc2F)cn1,-33.1
ZINC000192016754,COC(=O)Cc1sc(NC(=O)[C@H](C)[C@H](C)N)nc1-c1ccccc1,-26.08
ZINC000092569439,CCNS(=O)(=O)[C@H]1CCN(C(=O)Cc2ccc3ccccc3c2)C1,-34.48
ZINC000450177249,C=CCC1(C(=O)NC[C@@H](O)C(F)F)CCCCC1,-25.58
ZINC000282355765,C=CCn1c(C(=O)N2CCCC2)nnc1N1C[C@@H](C)O[C@@H](CC)C1,-31.31
ZINC000107205810,CN1CCCN(S(=O)(=O)c2cc(Cl)ccc2Cl)CC1,-20.2
ZINC000438912115,N#Cc1ccc(COc2cccc(-n3cnnn3)c2)c(Cl)c1,-36.27
ZINC000575843726,O=C(N[C@H]1CCC[C@H]1CO)c1ccc2cnccc2c1,-35.61
ZINC000329955243,COC1(C(=O)N(C)C[C@@H]2C[C@H](F)CN2c2nnc(C)o2)CCC1,-26.94
ZINC000135942279,CC#CCNC(=O)N[C@@H](CC)c1ccc2c(c1)OCCO2,-26.43
ZINC000283027645,Cc1nnc(N(C)C[C@@H](C)c2nccs2)n1C[C@@H]1CCCCO1,-44.34
ZINC000371343151,O=S(=O)(N[C@@H]1CCO[C@H]1C1CC1)c1ccc2c(c1)OCCO2,-27.08
ZINC000359280559,COCc1nc(C(=O)NC[C@@H](C)N2CCc3ccccc32)no1,-35.4
ZINC000283973983,Cc1ccc2nc(CN[C@H]3CCC[C@@H]3CCO)cn2c1,-13.14
ZINC000355715424,CCCc1cc(C(=O)N[C@H](CCOC)c2ccco2)ccn1,-34.11
ZINC000410775975,CC[C@@H]1Cc2ccccc2CN1C(=O)C(=O)N1CCO[C@H](C(N)=O)C1,-24.09
ZINC000109606441,N#Cc1cnn(-c2ccc(-c3nc(-c4cccc(F)c4)no3)cc2)c1N,-36.9
ZINC000376254474,CCCO[C@@H]1CCCN(C(=O)NCCS(=O)(=O)NC)CC1,-21.14
ZINC000492961771,COc1ccc(/C=C\C(=O)N[C@@H]2CCC[C@@H](CO)C2)cc1O,-32.69
ZINC000295489504,OC[C@]1(NCC2CC(F)(F)C2)CCCc2ccccc21,-10.11
ZINC000128247746,CC(C)c1noc(CCC(=O)N[C@@H](C)[C@@H]2COc3ccccc32)n1,-37.08
ZINC000567073535,CSC1(CNC(=O)N2CCOC[C@H]2C(=O)O)CCOCC1,-49.85
ZINC000334702878,Cc1nc(=NC(=O)N2CC3(CCC3)[C@H]2c2ccco2)o[nH]1,-36.56
ZINC000343961077,CC[C@@H]1CN(C(=O)N[C@H](C)[C@H]2CCCO2)C[C@@H](C)S1(=O)=O,-24.32
ZINC000360414322,C[C@@H]1CCCCN1S(=O)(=O)N1CCn2c(cc3ccccc32)C1,-32.04
ZINC000431245253,CCCn1c(CO)nnc1S[C@H]1CCCCNC1=O,-26.62
ZINC000529217750,Cc1ccccc1C[C@H](C)C(=O)N[C@@H](C)c1cc[nH]n1,-38.77
ZINC000412746952,CC[C@H](NC(=O)CN1CCc2ccccc21)[C@H](O)C(C)C,-24.56
ZINC000370697773,COc1ncnc(OC)c1C(=O)N1CCC[C@@H](OCC2CC2)C1,-29.71
ZINC000450442582,C[C@@H](CN(C)c1cccc(C#N)c1[N+](=O)[O-])c1nccs1,-34.23
ZINC000421229518,CC(C)[C@@H]1CCN1C(=O)C(=O)Nc1ccc2c(c1)C(=O)CCCC2,-36.87
ZINC000295273700,O=S(=O)(c1ccc(F)cc1F)N1C[C@@H](F)[C@@H](F)C1,-32.6
ZINC000352318636,Cc1ccc(Cl)cc1S(=O)(=O)N(C)CCNC(=O)N(C)C,-19.88
ZINC000512122086,C[C@H]1CCCC[C@H]1CCNC(=O)N1CCN(c2ncccn2)CC1,-41.56
ZINC000024301424,CCCCn1c(=O)[nH]nc1S[C@@H](C)C(=O)Nc1ccccc1CC,-36.83
ZINC000528204756,CCn1c2ccccc2nc(N2CCC(F)(F)C[C@@H]2C)c1=O,-23.91
ZINC000081638538,Cc1ccccc1CCNC(=O)CN1CCN(CCOC(C)C)CC1,-28.47
ZINC000276125492,CN(C)CCc1ccc(CNC(=O)N2CCC[C@H](O)C2)cc1,-29.52
ZINC000453311214,CCCOc1c(OC)cc(CCN[C@@H](C)c2ccnn2C)cc1OC,-12.18
ZINC000452755242,Cn1cc(Br)c(CNC(=O)[C@@H]2CC(=O)N(C)C2)n1,-30.76
ZINC000334424940,Cc1ccn2ncc(C(=O)N3[C@@H](C)CC[C@@H]3C)c2c1,-30.49
ZINC000411219834,CCN1CCC[C@@H]1CNC(=O)C[C@@H](c1ccc(O)cc1)C1CC1,-23.3
ZINC000246082847,C[C@H](CO)NC(=O)c1cc(S(=O)(=O)N2CCC[C@@H](C)C2)cn1C,-35.95
ZINC000351982151,Cc1cnccc1CCNC(=O)C(=O)NCc1ccnc2ccnn21,-37.52
ZINC000372383080,O=C(NCc1nnc2n1CCC[C@H]2C(F)(F)F)c1ccnc(O)c1,-44.49
ZINC000279972336,O=C(Nc1cc([C@@H]2CCCOC2)[nH]n1)c1ccc(F)nc1,-35.08
ZINC000107299659,C[C@@H]1CN(C[C@@H]2CCCN2CCNS(C)(=O)=O)C[C@@H](C)O1,-12.55
ZINC000422021585,Cc1nn(-c2ccc(C(=O)N3C[C@H](O)CC[C@H]3C)cc2)c(C)c1Cl,-52.11
ZINC000081546792,Cc1cc(Br)ccc1NCc1ccc(CO)o1,-30.03
ZINC000497228834,C[C@@H]1CCC[C@@]1(O)CNC(=O)C1(NC(=O)OC(C)(C)C)CCC1,-22.6
ZINC000507388355,COC(=O)c1ccc(S(=O)(=O)N[C@H]2CCC[C@H](C)C2)c(Cl)c1,-34.25
ZINC000335237569,O=C(NCC1(O)CCCCC1)N[C@@H]1CCCC[C@H]1F,-31.1
ZINC000378345867,C[C@@H]1C[C@@H](NC(=O)NCc2ccc(-n3ccnc3)nc2)CCO1,-37.39
ZINC000574454172,C[C@@H](N)C[C@@H](C)NC(=O)c1coc2ccc(F)cc21,-20.67
ZINC000276263994,CCOCCOCCN(C)Cc1ccc(OC(F)F)c(Cl)c1,-14.16
ZINC000291160097,CN(CC(=O)N1CC(C)(C)[C@@H]1C1CC1)C(=O)c1cccs1,-36.96
ZINC000073137787,NC(=O)NCc1cn(-c2ccccc2)nc1-c1ccc(F)cc1,-32.51
ZINC000540882991,C[C@H](CNC(=O)Cn1cnc2c1CCCC2)N1CCN(C)CC1,-18.82
ZINC000423864892,Cc1n[nH]c(C)c1[C@H]1CCCN1C(=O)c1ccc([C@@H](C)N)cc1,-22.61
ZINC000547525903,C[C@H](O)[C@H]1CCCN(C(=O)Nc2ccnn2C[C@@H]2CCOC2)C1,-33.42
ZINC000338488998,COC1(CN=c2[nH]c(C)c(S(N)(=O)=O)s2)CCCCC1,-34.4
ZINC000417023590,COC(=O)[C@H]1C[C@@H](NC(=O)Nc2ccnc(OC)n2)C1,-33.16
ZINC000378040537,O=C(NC1CCN(Cc2cnc(Cl)s2)CC1)c1ccoc1,-41.76
ZINC000288243102,CO[C@@H](C)CN(C)C(=O)C(=O)Nc1ccn(-c2ccncc2)n1,-36.82
ZINC000431989052,Cn1cccc1C(=O)N(CC(=O)O)Cc1ccc(F)c(F)c1,-58.3
ZINC000329714516,NS(=O)(=O)C[C@@H]1CCCN1/C(O)=N/Cc1noc2c1CCCC2,-35.31
ZINC000273187674,CCC[C@@H](C(=O)N1CCc2c(O)ncnc2C1)C(C)C,-24.71
ZINC000249362214,CC1(C)[C@H](NS(=O)(=O)NCC(F)(F)F)[C@H]2CCO[C@H]21,-47.81
ZINC000451450502,C[C@H]1[C@H](O)CCCN1CCc1cccc(Cl)c1Cl,-25.08
ZINC000450148514,O=C(C[C@@H]1C[C@H]2C=C[C@@H]1C2)N1CCOc2ccc(F)cc21,-30.52
ZINC000155707148,O=C(CCNC(=O)c1ccsc1)N1CCC(n2ccnn2)CC1,-40.98
ZINC000131461003,CCS[C@@H]1CC[C@@H](N(C)C(=O)C(=O)Nc2cnc(CC)nc2)C1,-40.02
ZINC000177317496,COC(=O)CCC(=O)N(C)[C@@H](C)c1ccc([S@](C)=O)cc1,-35.72
ZINC000532527238,CCCOc1ccc(C(=O)NC2(COC)CC2)cc1OCCC,-27.51
ZINC000473531171,C[C@@H](NC(=O)c1ccnc(N2CCCCC2)n1)[C@@H](C)c1ccccc1,-36.34
ZINC000342509900,Cc1cc(N2CCC[C@@H](NC(=O)C3CNC3)C2=O)n(C)n1,-25.47
ZINC000357553872,CC[C@H]1CC[C@@H](C)N1CC(=O)Nc1cccc(F)c1,-18.02
ZINC000169813490,Cn1ccnc1[C@H](NC(=O)c1cccc(O)c1)c1ccc(F)cc1,-26.47
ZINC000275095715,CCCC[C@H](COC)N[C@@H](C(=O)OC)c1ccc(OC)cc1,-24.15
ZINC000524529460,COCc1csc(NC(=O)c2cc([N+](=O)[O-])cn2C)n1,-41.81
ZINC000333567885,Cc1nc(C)c(NC(=O)N[C@H](C2CC2)C2CCC2)s1,-25.08
ZINC000484512934,CC(C)[C@@H]1CCCC[C@H]1NCCN=c1cncc[nH]1,-16.98
ZINC000357833125,CC(C)(C)OC(=O)[C@H]1CC[C@@H](C(=O)Nc2cc(F)c(F)c(F)c2)O1,-30.18
ZINC000341885806,CS(=O)(=O)c1cccc(Cl)c1C(=O)Nc1ncccc1O,-30.75
ZINC000339815276,O=C(N[C@@H]1CCOc2c(F)cccc21)c1cncc(O)c1,-44.59
ZINC000375925937,CC1CCC(O)(CN2CCC[C@H](N3CCCS3(=O)=O)C2)CC1,-18.13
ZINC000341272971,CC(=O)NC[C@@H]1CCN(C(=O)c2n[nH]c3ccc([N+](=O)[O-])cc32)C1,-33.88
ZINC000284789258,C[C@@H](NC(=O)C(=O)N1CC[C@H](C(=O)OC(C)(C)C)C1)c1ccccn1,-31.14
ZINC000342795676,CC(=O)N[C@@H](C)C1CCN(Cc2ncc(C)n2C)CC1,-38.6
ZINC000191721922,CO[C@H]1CC[C@H](NC(=O)C(=O)c2c(C)nn(-c3ccccc3)c2C)C1,-26.98
ZINC000279926556,O=C(NC[C@@H]1CCSC1)N[C@H](c1ccccc1)C1CC1,-34.89
ZINC000334644411,CC(C)[C@H]1CN(C(=O)c2cnn(C)c2C2CC2)CCN1C,-42.39
ZINC000173722915,CC[C@H](C)C[C@@H](C)NS(=O)(=O)Cc1ccc(C(=O)OC)cc1,-31.57
ZINC000354337633,Cc1nc2ccc(NC(=O)C(=O)N3C[C@H]4CCC[C@@H]43)cn2n1,-37.08
ZINC000190927758,CC(C)c1nc(CCNCc2cn(C(C)(C)C)nn2)cs1,-41.66
ZINC000355431640,COC(=O)c1cc(F)cc(NC(=O)Cc2c(F)cccc2C#N)c1F,-46.14
ZINC000120054431,COC(=O)C1(NC(=O)c2cnc(-c3ccccc3)nc2C)CC1,-38.52
ZINC000408189816,O=C(NC[C@@H]1CCCCS1)NCC1(O)CCCCC1,-31.0
ZINC000334308333,C[C@H]1N(C(=O)[C@H]2CCCCO2)CCC12CCOCC2,-19.67
ZINC000446134946,O=C1Cc2cc(-c3csc([C@H]4COCCN4)n3)cc3c2N1CCC3,-29.0
ZINC000186363587,CN1CCN(c2ccc(NC(=O)c3cccc(F)c3C#N)cn2)CC1,-31.77
ZINC000376414703,CC(=O)NC1CN(C(=O)N[C@H]2CCCN(c3ccc(C)nn3)C2)C1,-28.62
ZINC000486491676,CCC(CC)(CNC(=O)N(C)Cc1ccc(F)cc1C)C(=O)OC,-33.72
ZINC000425064517,CCCC(C)(C)CC(=O)Nc1ccc(COCCO)cc1,-27.93
ZINC000346804206,Cc1ccc(C[C@@H](NCc2cnc(C)nc2O)C(C)C)cc1,-17.99
ZINC000565693038,COC(C)(C)CN(C)C(=O)Cc1ccccc1C(N)=O,-26.03
ZINC000291752660,CCN(C[C@@H](C)OC)C(=O)Nc1cccnc1N1CCCC1,-24.1
ZINC000451014683,CCOC(=O)C1CCC(S[C@@H]2CCCNC2=O)CC1,-40.95
ZINC000450161378,Cc1cc(C[C@H](C)NC(=O)c2cn(CC(C)C)nc2C(F)F)n[nH]1,-37.29
ZINC000414292078,CCO[C@@H]1C[C@H](N[C@@H]2CCCC[C@H]2F)C12CCC2,-11.02
ZINC000194411952,COc1c(C)ccc(NC(=O)[C@H](C)OC[C@@H]2CCCCO2)c1C,-28.8
ZINC000332282296,Cc1ccc2c(c1)[C@@H](NCC1(O)CCS(=O)(=O)CC1)CC2,-28.23
ZINC000110492135,CCCC(=O)NCCS(=O)(=O)NC[C@@H]1CCCCO1,-28.15
ZINC000271302800,CC[C@H](c1ccc(F)cc1)N(C)CCc1cnccn1,-23.43
ZINC000293666242,COC(=O)COc1ccccc1[C@H](C)NC1(C(C)C)CC1,-9.11
ZINC000435047538,CNC(=O)COc1cccc(CC(=O)N(C)CC(=O)NC(C)(C)C)c1,-30.19
ZINC000413956076,C[C@H]1C[C@H](NC(=O)CN=c2ccc(C#N)c[nH]2)CS1,-32.56
ZINC000270927006,C[C@@H]1OCC[C@@H]1NC(=O)[C@H]1CC(=O)Nc2ccccc21,-35.76
ZINC000341849492,Cc1ccc(Br)c(NC(=O)N2CCn3ccnc3C2)c1,-29.99
ZINC000448829555,CO[C@@H](Cc1ccccc1)C(=O)NCCCc1nc(C(C)C)no1,-41.03
ZINC000193972553,O=C(NCc1ccc(OC2CCCCC2)cc1)[C@H]1CCCCC(=O)N1,-38.73
ZINC000227982088,C[C@@H]1OCC[C@@]1(O)CNCc1ccc(Cl)c(F)c1,-10.38
ZINC000265255742,COC(=O)[C@H](C)CS[C@H](C(=O)NC(N)=O)C(C)C,-32.01
ZINC000180054947,CC[C@@H]1C[C@H](C(=O)NCc2ccc(N(CC)CC)nc2)CCO1,-37.44
ZINC000301251184,Cc1ccnc(NCCNC(C)(C)C)c1[N+](=O)[O-],-15.21
ZINC000449750781,C[C@H](CC(=O)N[C@@H]1CCNC1(C)C)[C@@H]1CCCNC1,-5.69
ZINC000351911634,C[C@](O)(CNC(=O)Nc1ccc(F)c(C#N)c1)C1CC1,-36.89
ZINC000356815860,CSCCCCCNC(=O)COC1CCC(C)CC1,-23.36
ZINC000496871243,CN(C)C(=O)O[C@H]1CCCN(C(=O)Nc2nc3n(n2)CCCC3)C1,-30.28
ZINC000564973177,Cc1ccc(S(=O)(=O)Nc2nnc(C3CC3)s2)c2cccnc12,-53.29
ZINC000343959762,CC(C)CSCCCNC(=O)NCCCC#N,-31.73
ZINC000529855098,CCO[C@@]1(C)C[C@H]1NC(=O)CCC(=O)c1ccc(OC)c(F)c1,-31.64
ZINC000335487720,Cc1ccc(O)c(NC(=O)c2cnn3c2C[C@H](C)CC3)c1,-28.84
ZINC000282078574,Cn1cc(Cl)cc1C(=O)N1CC[C@@H]2COC(=O)N[C@H]2C1,-37.47
ZINC000457825844,CC(C)(C)CCNC(=O)N1CCC[C@@H](n2cc(CO)nn2)C1,-38.89
ZINC000429302886,COC1CCC(CNC(=O)N(C)C[C@@H]2CCCCO2)CC1,-30.86
ZINC000341521560,CC1CCN(CCCCNc2ccnc(C#N)c2)CC1,-23.72
ZINC000530906150,O=C(c1nccc2ccccc21)N1CCN2C(=O)NC(=O)[C@@H]2C1,-31.15
ZINC000363266934,Cc1c[nH]nc1NC(=O)[C@H]1COCCN1C(=O)OC(C)(C)C,-26.1
ZINC000455497938,CCN1CCN(C(=O)N[C@H](C)[C@H](OC)C2CC2)[C@H](C)C1=O,-24.16
ZINC000191973030,C=CCN(CCOC)C(=O)c1cc(-c2ccc(OC)cc2)n[nH]1,-41.83
ZINC000519582066,C/C=C\C[C@@H](NC(=O)NCC1(Cc2ccccc2)CCC1)C(=O)O,-47.38
ZINC000353823181,CN(CC(N)=O)C(=O)C(=O)Nc1cccc(CN2CCN(C)CC2)c1,-41.64
ZINC000566159592,CO[C@H](CNC(=O)N1CCOC[C@H]1C1CCC1)CC(C)C,-29.2
ZINC000492893165,O=C(/C=C/c1ccc(OC(F)F)cc1)NCCCOC(F)F,-29.48
ZINC000373786474,Cc1nc([C@@H]2CCCN2C(=O)c2cc(Br)nn2C)no1,-33.29
ZINC000434348731,O=C(NCCOCC(F)(F)C(F)F)NC[C@H]1CCCO1,-27.57
ZINC000354264869,O=C(N[C@H](CO)c1ccsc1)c1ccccc1OCC1CC1,-43.08
ZINC000151376940,Cc1ccccc1[C@H]1C[C@@H]1C(=O)NC1CCN(CC(F)(F)F)CC1,-29.81
ZINC000493084275,Cc1cc(C)cc(/C=C\C(=O)NCCc2cnc(C)cn2)c1,-26.75
ZINC000329999008,C[C@@H]1CN(/C(O)=N/[C@@H]2CCCn3ncnc32)C[C@]2(CCOC2)O1,-29.82
ZINC000012854730,Cc1cc2n(n1)c(=O)cc(C)n2C[C@@H](O)COc1ccccc1F,-43.4
ZINC000493387423,N#Cc1cc(NC(=O)/C=C\[C@@H]2CCOC2)ccc1OCC(F)(F)F,-38.89
ZINC000349341923,C/C=C\C[C@H](CO)N[C@@H]1CN(Cc2ccccc2)C[C@H]1C,-18.87
ZINC000344068127,C[C@H]1CN(C)C[C@@H]1NCCCc1nc2c(s1)CCCC2,-15.29
ZINC000343122410,CCOC(=O)c1sc([C@H](C)NC(=O)N[C@H]2CCO[C@@H]2C)nc1C,-28.14
ZINC000427406893,Cc1nnc(-c2cccc(NCc3cccc(F)c3C#N)c2)n1C,-46.74
ZINC000340179687,COCc1ccccc1CNC(=O)C(=O)N[C@@H]1CCCC[C@H]1C(C)C,-26.27
ZINC000267069793,CSc1ccc(NC(=O)N[C@H](C)[C@H](C)CO)cc1Cl,-29.53
ZINC000069264013,Cc1nn(C)cc1[C@@H](C)NC(=O)NCc1ccc(N2CCCC2)nc1,-30.3
ZINC000350300653,Cc1oncc1NS(=O)(=O)c1ccc(F)c(Br)c1,-46.13
ZINC000496055910,COC(=O)NCCCC(=O)Nc1nc(N2CCNCC2)n[nH]1,-23.4
ZINC000039956998,O=C(O)[C@@H](Cc1cccc(Cl)c1)NC(=O)OCc1ccccc1,-68.1
ZINC000154999103,Cn1cc(CC(=O)N2CCN(C3CCCCC3)CC2)cn1,-28.37
ZINC000304735725,C[C@]1(CO)CCC[C@H]1NC(=O)C(=O)Nc1ccc(F)c(F)c1,-29.81
ZINC000187489291,CCOC(=O)CN(C(=O)c1cccc(NC(=O)CC)c1)C(C)(C)C,-38.63
ZINC000081800682,CCC[C@@H](CCO)CNC(=O)c1ccc(CNC(C)=O)s1,-32.92
ZINC000341410868,Fc1ccc([C@@H]2OCC[C@H]2NC2CCN(CC(F)F)CC2)cc1F,-21.43
ZINC000275947495,Cc1cc(N2CCC(NC(=O)[C@H]3CCC(=O)C[C@@H]3C)CC2)[nH]n1,-27.51
ZINC000343238223,Cc1cccc(CCCNc2cc(N3CCC[C@H](C)C3)ncn2)n1,-43.32
ZINC000418470918,CCCC[C@H](CN)NC(=O)N1CCC(c2cnn(C)c2)CC1,-29.08
ZINC000281203198,COCC[C@@H](CO)NC(=O)c1cccc2c1ccn2CC(C)C,-30.86
ZINC000444385588,C[C@@H](O)CN1CCN(C(=O)[C@H]2CC[C@@H](C)C2)CC1,-32.3
