#n,116241184
#min,-75.500000
#max,443.320000
#sum,-3308459096.079901
#sumsq,108116630740.459290
2027,449
2966,37275
6456,521
8502,4
8371,10
10199,1
6947,133
7931,38
3799,84480
4585,7958
9577,1
6486,290
7452,34
9418,1
7243,74
4957,4226
8962,9
11917,1
9796,3
6667,203
3592,112896
10741,1
8625,12
2436,7111
5352,2579
3141,62292
5143,3298
5845,1148
10885,1
8806,2
7689,23
10720,1
8547,9
10553,1
5416,2230
3353,101678
3120,58414
7972,28
4869,4679
8591,8
4270,20555
7280,57
9310,2
17068,1
1591,1
2378,5276
9371,1
4211,24778
4138,32150
3808,41457
8849,3
3530,57439
5459,2079
8492,4
3314,94887
10330,1
5121,3485
1988,146
9139,6
6057,718
8099,6
4824,5157
7894,23
4727,5948
2659,16793
2448,7575
2130,1043
2917,32404
7994,16
6427,197
8429,4
8322,13
3900,99613
8985,3
5740,2020
3575,169735
7579,19
7017,108
6951,198
7923,26
1727,17
1525,4
7422,57
9428,2
7255,81
6031,796
5874,982
4741,5830
10773,1
8536,5
8367,8
2152,1126
3173,67809
5853,999
8915,5
3639,108665
10750,1
8634,4
3341,49690
5325,2604
3150,63141
5156,3340
4897,4666
7827,6
4260,21229
7290,104
9300,6
4089,37201
5019,3875
3992,51295
4962,4394
8931,4
4786,5425
19104,1
4698,6185
6652,113
10734,2
3448,112560
10565,3
3365,154631
6388,351
2249,2383
5301,2655
2195,1715
5208,3019
3134,60855
5176,3224
6199,506
5113,3443
6093,699
3977,26513
4987,4048
8055,17
5904,934
3818,121495
2695,18363
5737,1319
3520,114726
8486,11
8389,9
3205,36966
2997,40606
7020,112
6926,178
7914,23
1710,11
7473,78
4252,10821
6298,423
9332,2
1999,147
7984,33
2459,7969
8336,8
2121,926
7097,116
3930,30651
10903,2
5770,1245
10819,1
3426,110702
5266,2788
3911,97050
10878,1
5751,1831
3542,114929
7546,49
5382,2489
9189,5
6027,371
8029,10
8946,5
4757,5623
10761,1
8605,7
3392,106680
5376,2360
8414,10
3279,132082
2162,1283
3161,65477
10146,2
7052,45
1762,14
3746,93935
1560,2
9465,1
9380,3
7210,31
6977,60
1608,2
1503,1
7509,65
9547,3
4399,13448
7400,51
4283,19842
7318,66
7273,90
4188,27323
3986,78042
8064,22
4976,3975
5957,892
8903,7
4792,5308
4688,6348
6646,221
17826,1
3458,56197
6398,389
5333,2534
10434,1
3234,79484
5218,2978
5162,3299
5101,3476
6081,653
5008,3870
5826,1633
10703,1
3374,52228
2258,2554
8397,17
5310,2735
2184,1493
6188,510
3103,55496
4098,36530
7030,115
7904,9
1700,17
6499,151
7445,50
9403,1
4246,22127
6288,459
9326,3
10217,1
3941,30029
2858,13764
5910,930
6788,105
5701,2096
6681,325
5608,1583
3417,109588
7493,45
5257,2855
3920,63198
2879,29464
5931,913
5760,1260
5629,1606
3515,172186
10315,2
4876,4612
8685,9
9177,2
6011,802
4905,4522
8952,8
4761,5642
2617,14633
6635,112
8673,4
2406,6241
10487,1
5362,2471
3287,134322
8404,5
5191,3185
1792,26
7758,33
1550,2
9594,1
7220,91
7047,103
5993,853
1777,33
1618,5
1571,4
7410,32
7308,59
4198,25829
7201,117
6001,1149
4810,5339
4771,5504
8317,11
5181,3125
2104,807
7139,101
7067,104
1757,36
3773,89032
1515,1
7434,77
9432,3
4295,18601
7265,88
7000,135
3794,42652
1730,8
7817,27
7736,38
4588,7914
4950,4075
8965,5
11910,1
9791,1
3595,112352
6660,103
8622,9
2431,6928
5355,2521
2149,1141
3146,63622
5144,3317
3950,87125
5927,492
5710,1373
6690,307
3503,115377
7486,40
10303,4
7157,38
1946,329
12117,1
7979,11
4862,4842
9726,1
2486,8932
9374,1
4214,24807
1786,65
7748,42
1540,3
5539,1861
9485,4
7230,84
6139,627
4029,68472
6052,386
4821,5048
7891,14
4722,6011
2135,1059
6077,338
4800,5295
4707,6324
8651,1
8422,9
8329,2
2114,958
10165,1
7071,113
1741,12
3765,135701
7844,29
7707,24
5576,2640
9442,3
7010,56
6956,167
7924,12
1720,11
1522,5
9566,4
7425,45
7252,38
9196,5
8036,10
4920,4298
8973,2
5879,1056
5790,1755
9787,1
3583,56671
6610,131
8612,7
2427,6923
10466,1
5343,2458
3266,43100
7166,36
1915,87
7801,39
9775,2
7149,39
4892,4625
7822,33
4265,20900
7295,68
9305,2
4086,56977
5016,3909
8073,34
5962,882
9975,1
4789,5406
4697,6136
6545,261
3447,111877
4455,11423
6387,434
2246,2403
10423,1
3223,116114
5207,3010
5179,3111
6196,555
10247,2
5116,3464
6096,661
3972,54428
4982,4181
8050,25
5901,1432
2690,18029
5732,1417
3525,172594
8483,6
10509,1
3309,93971
11490,1
3200,72995
3118,57874
1973,421
6046,724
4857,4730
4736,5908
8769,4
9713,3
8471,11
1994,293
9147,5
6061,746
7989,21
4830,5070
7880,18
4711,6095
2627,15016
8643,6
2454,7849
8452,8
7090,158
3937,30013
8998,3
5777,553
3568,170033
3421,110509
5261,2777
5084,3689
6104,682
9167,2
4014,47828
4911,4414
9909,1
6768,171
2607,14148
6621,249
8663,6
2470,8423
6539,273
4429,12192
10497,1
8432,9
3297,91426
9182,2
5065,3696
8022,17
4930,4448
5780,1185
4646,6905
8707,9
6600,258
3496,115418
2411,6279
10599,1
3399,53975
10472,1
6356,419
3272,87154
2235,2204
2169,1375
10296,1
10143,3
7057,58
6999,50
1767,27
3743,141009
1565,3
9460,3
9385,5
7215,116
4886,4686
7836,21
8128,25
3983,26382
8061,13
4973,4049
5952,405
2768,22331
8906,4
4797,5277
6643,211
5336,2585
10431,2
3231,79088
5167,3316
4093,55621
5003,3891
4996,4098
3966,27837
8040,26
5977,445
2680,17467
5726,1952
2253,2475
10410,1
3210,74956
6183,581
3108,28024
4049,42883
1965,126
9114,4
4841,4844
2674,17131
8690,5
8463,11
2289,3158
6159,589
10210,1
3946,58956
5917,951
5706,1409
6686,206
3410,108945
7494,56
5250,2855
8248,8
10237,1
2874,29151
5624,1644
3518,172843
3437,55625
5277,2764
10318,1
5094,3518
6114,676
9151,3
4004,73836
6819,159
6778,262
2631,15214
8736,9
4615,7436
2529,10617
9649,2
2460,8032
5285,2739
6305,462
9172,5
6014,816
4900,4473
8957,5
4764,5523
2612,14433
8719,5
6630,243
8676,2
6528,446
2403,6067
4438,11946
5367,2452
3282,133355
8401,2
5194,3199
10131,1
10939,1
3731,96139
7757,9
5544,1835
9470,2
7042,98
5996,796
6988,62
1772,34
7415,73
9394,1
7204,38
8138,6
5032,3721
8017,24
4945,4320
5946,921
2778,22662
4673,6546
6675,210
6363,388
2262,2647
3247,82694
3066,49986
7134,139
7871,22
7710,18
1518,2
5583,1755
7439,49
4298,18523
7268,85
10193,1
7007,69
3793,128638
1737,11
7810,15
7731,44
1539,3
7458,59
9412,1
7249,39
2845,26959
6795,182
5615,2432
3460,113217
5220,2989
8238,12
10260,3
10201,1
2864,28097
7786,30
5634,1593
3508,57231
3401,108334
5241,3036
10308,2
7152,35
1943,217
4867,4781
9723,1
2483,8982
3018,43119
10009,3
3700,150608
3609,111642
5517,1873
10618,2
8275,19
2088,703
11288,1
1783,17
1545,3
18552,1
7235,52
6132,611
1986,323
4022,46898
9137,1
6059,702
8097,14
4729,5933
2657,16306
2446,7511
8444,7
5042,3798
8108,15
8001,28
9947,4
2748,20868
6726,284
4665,6661
6577,117
4467,10847
6375,396
3251,124393
2212,1824
7076,164
1746,37
3762,46011
7843,24
7700,37
5571,1787
7609,51
9445,1
7929,12
3781,87339
7860,11
7727,13
5596,1680
7428,89
9422,8
2833,13145
13932,1
5663,1573
3470,113192
5230,2976
8228,17
10270,4
7163,52
1910,119
3888,68743
7804,11
9770,2
7146,92
1931,85
9751,3
4083,19175
3998,50652
5013,3908
8076,22
4968,4098
5967,845
11043,2
9970,1
4692,6252
6658,211
6540,390
3442,112242
4450,11538
6382,383
2243,2274
3226,117191
5202,3057
6193,586
10242,1
3009,41815
7085,64
10111,3
3711,148525
10609,1
9490,2
2099,826
6142,613
4052,20971
9121,3
8081,17
2641,15707
8764,1
2292,3257
1993,303
9140,4
6066,341
4837,4956
7887,37
4716,6111
2620,14730
8644,2
2453,7719
8455,8
10152,2
7851,39
3752,46535
7770,33
5567,1762
9453,2
8145,24
9902,1
6824,92
2705,19011
6763,93
8721,5
4620,7529
8668,7
2514,10171
9674,3
7597,33
6532,137
4422,12509
8439,12
11505,1
4307,18135
6330,414
9227,7
9187,2
5060,3675
6029,796
8027,14
4935,4413
8948,2
5785,1228
4759,5592
15944,1
4643,7053
8702,3
6605,271
3493,171700
2414,6493
5378,2463
6353,413
3277,43629
2230,2114
10293,4
7111,92
1900,141
3898,67068
1809,55
4883,4629
7833,25
8123,22
5025,4013
3988,51676
4978,4043
5959,878
2811,24723
9960,1
2763,21700
4686,6479
5641,763
6648,334
6550,266
3456,113000
4440,11939
6396,376
2275,2840
5216,2849
10256,1
4063,41432
9019,5
1846,116
9994,1
8795,5
2586,13067
6173,569
1962,374
9113,1
9078,2
4846,4768
2673,17294
8697,8
8464,10
8198,13
2852,27653
6782,88
5602,892
7499,27
13449,1
8245,11
3056,48521
10047,3
14960,1
7760,12
3647,107002
7629,16
5551,2782
5091,3502
6111,622
9154,3
4001,50036
12071,1
1688,11
2634,15199
8733,4
4610,7584
1499,1
7589,34
2465,8252
1352,1
2348,4636
7398,82
4319,17161
5280,2726
6300,403
9239,2
4108,35258
5070,3682
8958,12
6835,83
5694,1488
6714,195
4631,7152
8716,6
8679,4
2505,9592
9665,4
6527,135
4437,11673
5368,2433
6321,474
2220,2060
10134,1
1798,22
3734,95903
7752,17
16842,1
5541,916
9475,4
5054,3769
8112,17
2929,33531
9937,3
2752,21381
9858,2
6730,211
4655,6851
4538,9024
3485,114365
6507,145
4417,12718
6419,382
6345,435
2204,1821
6208,504
10285,2
8135,3
4948,4255
2803,24145
9950,2
2775,22612
6678,277
5653,1535
6560,146
4470,10818
2326,3961
4166,29213
3061,48745
7133,97
10179,1
7876,36
3779,132362
7717,38
5584,1713
9438,3
4076,38882
1952,213
9008,3
12006,1
6849,68
2661,16560
8784,4
2579,13007
9732,1
2492,9154
9619,2
11461,1
6166,291
2046,787
11246,1
2947,35431
6477,143
8233,8
2861,28124
5929,970
7783,20
5631,1571
3404,162090
7488,31
13458,1
5244,2983
6123,623
4033,22529
9045,2
2897,30392
1698,10
6804,94
6747,184
8741,5
4600,7994
2534,11031
15815,1
9654,1
2358,4734
7388,25
5290,2771
6310,425
4118,34062
10105,1
8869,9
3705,49608
5512,1914
8568,12
5479,2040
8270,8
10124,1
1788,47
3724,96750
7746,31
5537,1848
8291,16
8162,18
9082,2
9921,2
2722,19594
9868,4
5680,1468
6700,216
4508,9709
6511,300
4401,20019
2317,3778
6238,469
4157,29820
5045,3785
8006,30
9849,3
6721,216
4662,6759
4529,9168
6570,283
4460,11482
6372,355
10456,2
3256,84315
2215,2041
15521,1
6219,534
7121,86
10677,1
7604,19
3077,51009
2015,224
2976,38121
6446,341
3085,52424
8202,16
2959,36521
2836,26525
5666,765
3475,171022
6469,329
5235,2901
10275,2
1874,53
3887,34421
5885,1027
6884,245
7143,78
1934,198
4898,4628
7828,51
9754,1
7795,31
8578,8
5506,1940
8260,11
2073,625
3004,41338
7088,50
10077,1
3677,51794
5521,1910
8283,14
13362,1
2094,791
7192,89
4055,21138
1979,145
9126,1
8086,15
2646,16129
8763,5
9719,2
2295,3337
6145,668
3020,43238
10057,1
3657,158746
7635,20
10620,2
5444,2139
3041,45969
3856,74295
3759,91527
7614,35
9458,1
9169,1
8140,23
9907,1
6821,173
2700,18518
6766,105
2609,14158
8724,4
4625,7403
2511,9892
1482,2
9671,1
7592,39
6537,451
4427,6181
10499,1
11500,1
3299,46004
4302,9115
6335,439
9222,6
2822,25639
5672,1480
8217,6
7114,79
1905,202
9765,3
7529,20
3198,72784
9299,2
1924,100
4888,4566
7838,11
9744,1
7175,88
8809,1
3624,109344
7686,39
8548,3
5419,2233
8250,17
2065,613
4064,40768
1841,80
14108,1
8792,4
2581,12953
4598,7846
6174,560
4043,65969
9075,10
11083,1
6856,240
8771,7
2566,12308
6580,272
4490,10491
9606,2
8469,9
2283,3121
6153,626
8195,14
3030,45004
3805,41455
5807,1190
8844,5
3661,158085
7643,28
10630,1
5454,2071
10519,1
3319,47417
3053,47726
10042,1
7765,44
10828,2
3642,108716
5554,1764
10653,1
8150,11
17057,1
6813,68
1687,11
2710,19100
6772,153
2523,10324
1496,1
7586,39
2347,4561
11510,1
7397,60
4316,17671
9236,2
4107,35719
9178,7
5075,3598
9912,1
6830,152
5691,761
2618,14837
6711,197
4634,6958
8713,4
2500,9474
9660,2
6522,293
2409,6254
4432,12155
10488,1
3288,45417
6324,437
2225,2088
7104,43
10087,2
3863,72898
3687,51299
3188,70917
5059,3627
2924,32978
9855,1
4658,6831
4535,9197
3488,114285
6414,344
2300,3477
6348,450
2209,1843
6205,517
4140,31896
8132,10
5038,3718
11121,1
2804,24331
9957,1
2772,22601
4679,6379
5654,1534
6567,285
4477,5322
2321,3772
6369,395
2268,2666
4161,29862
9026,3
1857,131
9981,2
2786,23264
2597,13630
7514,44
11586,1
4384,13892
1959,214
9003,10
16100,1
6842,143
1656,11
2572,12376
9739,2
2499,9555
6590,367
9612,2
4480,10495
2396,5810
4365,14960
7346,67
9245,2
2043,534
2942,34843
6472,293
8236,14
8183,14
9063,3
1892,102
7919,35
6862,220
1676,6
2552,11733
9632,1
4341,15923
1225,1
7366,33
6295,487
9261,3
6126,912
4036,67003
9040,3
2892,30359
6908,139
6801,231
6742,191
8744,3
4605,7746
2531,10885
9651,1
9538,3
5295,2706
6315,690
3016,42917
10007,1
8862,2
3607,167332
7661,42
5519,1880
10616,1
8563,11
5472,2066
2086,670
7184,110
3875,105992
1824,28
8892,1
3691,51160
7549,23
5482,2077
8165,23
9085,9
2725,19926
5687,1455
6707,104
6516,154
4406,13256
2310,3645
11525,1
9359,2
4239,22673
4150,30666
5048,3686
8102,10
2742,20825
9844,1
4524,9293
2337,4291
2218,2040
4177,14220
6214,560
9032,2
1861,79
6891,62
2792,23551
1605,1
1414,1
7504,15
4394,13730
7315,99
4185,27342
2010,363
11210,2
2973,37589
6443,391
8207,4
3080,51706
2031,220
2956,36245
2839,26535
5669,1504
6466,178
8222,25
1871,142
3882,104641
5880,1025
6881,231
7169,77
9212,4
1887,180
9050,2
2886,29857
6918,123
6877,78
1663,14
6756,291
8754,2
2547,11498
1375,1
9528,1
4332,16594
7373,89
10011,2
5837,1118
7798,30
8812,4
3611,165971
7673,49
8575,9
5402,1175
3003,41048
3670,104781
5526,2877
8284,10
2093,772
7195,92
8173,16
9093,2
2733,10331
9875,2
4515,9691
2360,4777
6225,528
4120,33985
3830,40017
3324,48649
5137,3416
3044,46475
3853,75034
5569,1821
7611,48
2000,364
2901,30963
6431,501
2109,863
11309,1
3090,53277
2827,25868
5677,747
8379,6
8212,13
3896,67174
1807,69
5890,1448
10850,1
1432,1
7522,54
3193,71813
9292,2
5864,1062
8823,2
11834,1
10749,2
8522,12
5433,2150
8355,10
2146,1127
3149,63176
3623,109353
7681,52
10728,1
8257,11
3128,59571
2062,584
4069,20006
9013,2
1620,7
4595,7751
4371,14698
7330,52
9251,1
6179,601
11170,1
7957,7
9803,5
1599,1
4563,8274
2370,5027
9379,2
4219,24211
6253,462
4130,33071
3035,45068
10064,1
3800,126704
5802,612
8841,3
3664,105096
7646,48
3538,115069
10635,1
5451,3205
5129,3416
3821,80269
7623,50
3335,98708
8155,8
6816,73
2715,19410
1682,9
6777,81
8739,5
2526,10627
1493,3
9646,3
7583,38
2342,4461
7392,55
4313,17655
9233,1
4102,17918
3908,32515
1836,65
3845,76465
8884,3
5748,1355
9696,2
1461,1
7571,52
5494,2004
7109,136
1811,54
10785,2
3556,114350
7552,25
5396,2374
10356,2
3185,69964
8118,17
2923,32750
2758,10634
12762,1
4532,9301
6413,160
2307,3479
6202,260
4147,30846
10031,1
8836,4
3631,109457
7697,28
10758,2
8555,4
5426,3383
3349,50613
8344,9
3158,32460
2052,555
6965,163
10977,1
9883,2
1630,1
7320,68
4078,38943
9006,2
6847,155
1653,14
2577,13029
6595,218
9617,1
4485,10443
2393,5743
4360,14985
7343,66
16453,1
9240,3
6168,617
3810,82834
5816,582
8873,2
7652,13
3528,115184
5463,2125
10504,1
3304,140353
8381,7
10328,1
3115,57357
8186,17
7028,174
9066,2
1897,73
6867,172
1718,30
1673,10
2557,12191
9637,1
4344,15894
7363,26
6290,649
9264,3
9205,4
11156,1
2899,31138
6903,191
1696,20
9821,2
6749,94
4541,8899
9533,3
2356,4729
4325,16945
7386,58
6271,501
4116,34365
3938,60130
8997,5
5778,1257
3567,113899
7563,29
10367,3
3919,31204
3872,71244
1823,77
8895,8
5759,1272
3696,100902
9588,1
5485,2031
8168,17
9088,4
2931,33436
2728,20039
9862,2
4502,4845
6401,553
9354,2
4234,23081
6232,492
5986,882
6994,124
1568,2
9388,1
7218,81
9037,3
1864,145
6894,138
2797,24100
12934,1
1600,3
7501,84
4391,13733
7408,52
7310,34
4180,27693
8510,7
3384,105726
2174,1448
8301,6
8208,15
2034,439
2953,35792
6463,164
15663,1
8227,12
7038,70
6932,71
1708,12
1645,3
6491,165
12629,1
2385,5549
9502,3
4354,15393
7355,53
6280,468
9274,3
2982,57918
7967,14
6915,222
9833,1
8759,6
4553,8830
17788,1
9525,4
7466,27
6263,507
5830,1120
8815,3
3616,55518
7674,15
19932,1
8572,14
5405,2305
2079,678
7947,17
9813,1
1585,5
4573,8353
8586,6
9365,1
4205,25405
6243,504
8178,17
9098,1
2738,20931
12647,1
11538,1
4224,24048
3835,78081
10837,1
3659,106257
3321,96635
5132,3292
6985,61
1610,4
1579,4
7533,41
7418,58
9399,6
7300,76
4190,27082
9283,1
7209,126
2005,511
6009,882
2904,31273
4818,5114
4779,5391
6434,486
5189,3042
3095,54439
2024,248
11224,1
2965,37142
6455,345
8501,4
8372,17
8219,13
7008,111
6942,132
7934,31
1738,21
16000,1
1536,5
4580,8179
9572,3
6483,315
7457,27
7246,85
4958,4286
5863,1081
8824,6
6668,230
2439,7073
8525,9
5434,2273
8352,11
2141,1073
5840,1555
8803,14
8542,5
10556,3
5413,2256
3356,101469
3125,59452
7971,17
8592,1
4273,20447
7283,57
9313,6
7952,9
9806,2
4566,8492
2375,5184
6256,476
4135,32242
7649,13
3537,57452
8495,4
3313,47244
10337,1
5126,3399
3059,48378
3824,79852
3648,107849
7626,56
10659,1
3330,48896
2914,32269
7997,16
4808,5182
8659,5
6424,160
8321,8
3905,32920
8980,9
3848,75823
8889,4
5745,1289
3570,113717
5499,2052
10370,1
13407,1
3869,35859
1816,66
10867,1
3551,114503
7555,34
5391,2431
3182,104913
6034,715
4928,4344
5871,1099
5798,1195
4744,5826
6618,235
8533,5
8362,11
2157,1274
3176,68112
5850,1097
8916,4
10890,1
10753,2
8637,6
10542,1
3342,99481
5326,2631
3153,64015
5155,3310
2059,606
9028,4
1859,93
6960,55
2788,23087
9886,1
1635,4
2599,13620
9550,4
7325,53
3995,50706
4965,4091
8936,4
4781,5352
6655,249
3362,153894
5306,2729
2192,1605
3133,30242
5171,3159
8058,17
5909,980
3815,122041
5813,1157
8876,2
2698,18390
7657,25
5466,1054
3301,139130
8384,13
10408,1
3208,37997
3110,56842
2994,40040
7023,167
6925,118
7917,16
1713,20
1678,16
7470,42
9515,3
7368,46
4251,32539
9331,2
6069,716
7981,33
4838,4948
7888,24
4719,5927
8333,15
2124,924
7098,147
8990,4
10816,1
3560,114044
7564,42
3429,166758
5269,2798
10360,2
3914,63846
8898,3
5754,1355
3547,114884
1453,1
7543,41
9585,1
5488,2037
5387,2388
10347,1
6024,736
4938,4370
8945,2
5788,1222
4754,5795
10762,1
6608,276
8606,7
2419,6510
10591,1
3391,53103
5375,2442
8417,8
2161,1247
3162,66222
5983,808
6991,59
9468,4
6970,121
2798,24065
10966,1
9892,1
7407,34
4284,19456
7274,30
2979,38936
8515,6
3381,105642
6449,179
2171,1429
8304,4
5102,3674
6082,750
8048,39
8923,3
5825,1036
2688,18037
10700,1
10577,1
3377,52170
11488,1
8394,9
5313,2610
10418,1
3218,114195
2187,1565
3100,54813
7035,53
7901,41
1705,9
1648,4
2388,5730
7440,73
4359,15307
9406,1
7358,80
4243,22178
9323,2
9279,1
2985,39683
7960,12
6912,190
1669,2
9834,3
4554,8576
9522,4
7461,53
4338,16352
7379,29
6264,510
9218,4
3925,93442
5934,969
5765,1807
3510,115003
4875,4748
9818,1
8686,7
4578,8169
6248,459
9341,2
4221,24121
12291,1
1795,54
3739,94978
1557,2
9593,4
9478,4
7227,38
6980,125
1615,4
1426,1
7536,61
7305,71
4195,26259
9286,4
6002,405
4813,5148
4772,5455
8314,8
5182,3170
2107,873
10176,2
7062,159
1752,33
7879,10
3776,88371
7718,26
7431,99
9437,3
4290,19311
7260,40
6945,131
7933,28
7818,19
16007,1
7739,29
1531,2
4587,8113
9575,4
6484,458
7450,50
7241,41
4955,4209
8960,3
11915,1
8829,2
6665,331
3590,169622
8627,4
2434,7097
8528,11
5439,2204
5350,2546
10390,1
3143,62260
5141,3410
3953,57312
5924,959
5713,1360
6693,211
3500,172517
3409,109057
7485,28
5249,2943
10300,1
7974,13
8597,9
4276,30238
7286,77
9316,4
9809,3
1593,8
4569,8470
4213,24606
6259,477
5808,1155
3532,172772
8490,9
10516,1
3316,47873
10332,2
5123,3476
6051,1030
4822,5107
7892,27
4721,5965
2136,1064
6072,746
2919,32637
4805,5190
4702,6161
8654,3
6429,155
8427,6
2111,878
3902,33046
10913,1
5742,1303
3577,57255
10189,1
7015,158
6953,223
7921,19
3789,86182
1725,27
7868,26
1527,1
9563,2
7420,57
7257,37
9195,1
8035,15
4923,4359
8970,4
5793,1185
9784,2
3580,56177
6613,131
8611,7
2424,6716
8538,4
5340,2575
3265,128868
8369,8
10380,1
5855,1012
8913,8
10895,1
8838,3
7699,15
8632,7
5428,2232
10547,1
3347,100160
5323,2606
3156,64389
5150,3305
1939,281
4895,4470
7825,26
12601,1
4262,20969
7292,56
9302,4
3990,77286
4960,4151
9978,2
8933,3
4784,5288
6650,234
10736,1
17830,1
6548,435
4458,11333
10567,1
3367,103430
5303,2633
2197,1654
3136,61357
5174,3121
5115,3469
6095,649
3971,54127
8053,19
4981,4110
5902,502
5818,1110
2693,18218
5731,1385
11848,1
3526,114955
8480,9
10403,2
3203,72971
10326,1
1976,237
9129,1
6043,744
8089,14
4852,4775
4733,5898
2649,16208
9716,1
8474,9
9148,1
7986,15
2628,15075
8334,8
2123,1045
11323,1
7095,94
3932,91793
5772,1242
1479,2
7569,34
3424,110491
18758,1
5264,2794
5087,3574
6107,654
9164,2
4017,47175
4912,4279
2604,13966
4628,7327
6622,240
8660,6
2473,8434
10494,2
8431,5
3294,45915
6338,420
5068,3708
6021,779
8940,5
4751,5738
8603,12
3394,53949
5370,2457
8412,7
2238,2247
2164,1331
3167,66743
10144,1
7050,128
1760,38
3744,46988
1562,1
9467,5
9382,2
7212,117
6975,110
10963,1
9897,5
9545,2
7402,21
4281,19707
7271,81
3980,26359
8062,20
4970,4140
5951,1389
2819,24962
9968,1
8905,6
4794,5340
5649,1498
6640,362
6558,263
4448,11770
5335,2489
10432,1
3232,118962
5164,3198
5006,4031
4993,3961
3963,56021
8045,23
5972,874
5828,1142
2685,17841
5723,1319
2256,2556
8399,7
10415,1
3215,114868
6186,596
4096,36608
7032,53
6938,66
7906,33
1702,23
9508,1
7447,57
9401,1
4244,22343
9324,2
10215,5
3943,88648
5912,980
5703,1364
6683,223
3415,164483
7491,21
5255,2805
10234,1
2877,28984
5627,780
3434,111361
5274,2818
7949,13
4870,4770
8683,7
14749,1
8588,8
9175,7
5078,3619
6013,802
4907,4514
8950,9
11947,1
4763,5598
2615,14362
4639,7121
6637,334
8671,3
2404,6117
5360,2431
8406,11
3285,89289
6329,467
2228,2053
5193,3172
1790,50
1552,3
5549,1842
9596,4
7222,78
7041,56
5995,833
1771,71
1577,3
7416,18
9397,4
7207,34
5037,3828
8012,15
4940,4375
5943,913
9958,3
4676,6563
6670,222
6568,245
4478,10672
6366,224
2267,2786
10442,1
3242,81139
3069,50417
12227,1
10171,3
7065,145
1755,15
3771,89669
1517,1
7436,51
9430,2
4297,18640
7267,66
7002,82
6948,202
3796,85678
1732,35
7815,36
7734,53
9578,3
6489,345
9417,3
2846,27117
6796,202
5616,792
3463,113873
5223,3075
10263,1
3956,56885
2869,28857
5921,929
5716,648
6696,205
5639,1586
3505,57703
7480,52
7155,77
1944,205
4860,4715
9724,1
2484,8894
8598,5
4279,20141
7289,67
9319,2
16363,1
7958,17
1596,7
9376,1
4216,24548
13231,1
1780,10
10924,1
1546,1
9483,1
8299,6
7236,66
6137,614
1983,140
4027,23182
9132,5
8092,14
2652,16185
2443,7413
8441,12
6075,692
4802,5122
4705,6327
8653,12
8420,5
2116,933
7129,33
10167,2
7073,149
1743,36
3767,90285
7846,32
27165,1
7705,28
5574,1762
16815,1
9440,1
10182,6
13147,1
6958,107
3782,131228
7863,10
7724,19
5595,1654
9568,4
9421,1
9190,5
8030,23
4926,4370
8975,4
5796,1181
3585,112630
6616,121
8614,4
2421,6648
5345,2546
3260,84590
10385,1
2159,1284
3178,68560
7164,81
1917,161
7803,46
4890,4615
7820,29
4267,20641
7297,64
4080,19310
5010,3869
8075,20
5964,871
11040,1
9973,1
8938,2
4691,6319
6543,294
3441,56246
4453,11424
6381,378
2240,2285
5308,2664
10425,1
3225,77733
5201,3031
6190,859
10241,2
7080,104
10114,4
3714,98434
5529,1887
9495,1
1971,395
6044,801
4855,4812
4734,5898
9711,2
8473,5
1996,500
9145,4
6063,750
4832,5080
7882,11
4713,5997
2625,15007
8641,7
2456,7801
8450,10
8339,13
3049,47297
7852,8
3751,92994
7773,48
5564,1792
9450,1
5082,3542
6102,318
8148,13
9161,4
4012,24034
4917,4319
12062,1
6829,73
2708,18975
2601,13795
6627,131
8665,6
2519,10361
9679,1
2476,8525
11676,1
10491,2
8434,8
3291,45124
9180,2
5067,3639
8020,21
4932,4439
5782,1238
15943,1
4644,6939
8705,4
6602,145
3494,57941
2413,6465
10470,1
6354,418
3270,86436
2237,2256
3168,67061
10141,1
7055,112
5989,818
1765,31
3741,47285
1567,2
9462,2
9387,2
7217,96
4880,4619
7830,27
8126,17
5020,3841
2814,24740
9965,4
2766,22088
8908,4
4799,5334
4683,6512
5644,1547
6555,253
3453,112772
4445,11578
6393,380
2270,2749
5338,2587
5213,2939
5169,3148
10253,2
4091,18613
5108,3488
6088,691
5001,4090
4994,4176
3964,55667
8042,23
5975,841
2682,17865
5724,1368
2251,2414
5319,2632
10412,1
3212,112968
6181,542
1967,250
9116,3
4843,5055
2676,17475
8779,4
8692,5
9707,2
6588,143
4498,9891
8461,7
3948,58753
2851,27477
5919,980
6781,282
5708,1312
6688,109
5601,2494
8246,8
10231,2
2872,29056
13973,1
5622,1554
3431,111354
5271,2750
5096,3645
6116,304
8158,12
15316,1
9153,8
4006,49015
2718,19599
2633,15314
8734,9
4617,7409
2462,8169
5287,2777
6307,454
9170,4
6016,407
4902,4493
8955,5
6838,81
4766,5498
5699,1409
6719,203
2610,14061
6632,99
8674,3
2508,9838
2401,6050
5365,2463
10480,1
8403,8
3280,44353
11410,2
5196,3118
10137,3
3737,47274
7751,50
1559,2
16841,1
5542,1758
7229,40
5051,3711
8117,18
11108,1
2757,32260
6735,88
4650,7063
3480,56731
6502,171
4412,12856
2308,3563
6340,615
2201,1710
4148,30749
10280,2
5030,3733
4947,4238
8015,29
5944,900
4671,6589
6677,102
2329,4013
6361,366
2260,2664
10445,1
3245,82076
4169,28909
3064,49168
7136,77
7068,100
1758,18
7873,28
7712,56
5581,1787
4075,59156
1951,178
9102,5
2662,16786
8787,5
9731,1
6598,391
2491,9234
15798,1
4488,10249
6165,864
2843,26836
6793,176
5613,1538
3466,56969
5226,3015
10266,1
10203,3
3959,56250
2866,28383
7784,33
5719,1346
6699,108
5636,1613
3403,107844
5243,2939
7150,87
1941,171
4865,4691
9721,4
2481,8776
3706,100331
7669,42
5511,1949
8273,3
10121,1
3721,96972
7743,32
5532,1818
14491,1
8294,7
6130,651
1984,265
4020,46849
9135,4
8095,16
4828,4944
7898,36
2655,16149
2444,7419
8446,10
5040,3761
8003,20
9945,1
6724,88
4667,6801
6575,252
4465,10760
6377,186
3253,83850
2210,1817
7122,89
7078,158
1748,14
7607,19
3074,50691
3787,43491
7866,14
7721,32
1529,1
5590,2420
9424,2
7259,117
2039,709
2831,25985
5661,1540
3472,114353
5232,2890
7161,89
1912,208
1879,66
5888,1023
6889,138
7806,52
9772,5
7140,136
1937,279
10019,2
7790,35
3619,55173
5503,1909
8265,13
2076,672
11276,1
7087,140
10113,1
10078,2
3713,98358
3678,104079
9492,1
6140,983
4050,63751
9123,2
6049,772
8083,11
11090,1
4858,4821
4739,5906
2643,15843
8766,6
1365,1
2290,3141
3023,43937
10054,1
3838,77542
8857,5
3654,159546
7636,47
10623,1
5447,2241
7857,10
3754,138733
7776,41
7619,34
5561,1670
9455,7
8147,21
4918,4380
9900,1
6826,258
2707,18917
6761,180
4622,7248
6628,353
2516,10095
1485,1
9676,2
2479,8777
7595,43
6530,299
4420,12701
4305,17997
6332,427
9225,8
9185,4
5062,3683
8025,15
4937,4410
5787,1208
15946,1
4641,7108
8700,8
6607,124
3491,57850
8609,8
2416,6458
8418,4
6351,637
3275,87540
2232,2243
10291,1
7117,96
1906,66
5898,988
10858,2
9766,1
1921,260
9741,2
7170,85
8121,16
5027,3859
8068,19
2813,25156
9962,1
2761,21874
4684,6428
5643,1598
6552,147
3454,169580
4442,11703
6394,366
2277,2838
10438,1
3238,40225
5214,3011
10254,1
4061,61737
1844,76
9996,1
8797,13
1628,8
2584,13051
4379,14323
7338,34
9259,3
6171,603
4040,66064
9076,2
11080,1
4848,4867
6855,163
8772,11
2565,12529
8699,3
11765,1
6583,264
4493,10416
2280,2981
6150,628
8196,13
2854,27542
6784,277
5604,1680
8243,14
3054,47723
10045,2
3829,119193
7762,51
3645,107558
5553,1823
14395,1
5093,3471
6113,655
4003,49645
2636,15526
8731,4
4612,7523
2467,8182
5282,2809
6302,212
5076,3695
4909,4616
9911,2
6833,145
5692,1449
6712,306
4637,7191
8710,6
6639,250
2503,9832
9663,3
6521,300
4431,11922
8408,11
6327,216
2226,2095
7101,129
10082,1
1819,74
3866,36135
3682,154788
5056,3740
8110,6
9935,2
2750,21100
6732,99
4657,6832
3487,56859
6505,316
4415,12931
6347,388
2206,1743
10287,1
8137,28
8018,15
5949,877
2801,23979
9952,1
2777,22884
5651,2305
6562,405
4472,10740
2324,3954
3248,124647
4164,29329
9025,7
1854,36
9982,1
2785,23195
1638,15
2594,13343
7517,48
11585,1
4387,13826
7328,89
4070,40011
1954,108
9107,3
2667,16880
8782,5
2494,9330
4368,14736
6160,579
2044,516
2945,35020
3469,56974
6475,345
5229,2915
8231,10
2863,28406
7781,42
5633,1468
3406,108734
5246,2931
6125,665
4035,44772
9043,2
2891,30036
6802,78
9829,1
6741,99
8747,10
4606,7737
2532,10832
4549,8723
9652,1
5296,2691
6316,225
6279,446
3013,42628
8867,7
3602,56206
7664,36
8566,7
10613,1
5477,993
2083,702
7181,119
10126,1
3726,96817
7744,31
5535,1909
9489,4
8293,12
8160,6
2939,34586
9080,2
2720,19373
5682,1405
6702,98
6513,147
4403,13065
2315,3781
6409,556
4155,30174
8101,23
8008,14
2741,20641
9847,3
4527,4694
2334,4203
3258,42375
4174,28530
6217,556
3071,50659
7127,43
3769,44893
7848,26
7602,20
2017,418
2974,38030
8518,8
6444,303
8309,11
3087,52827
8200,20
2834,26305
5664,1496
3477,57401
5237,2867
10277,2
1919,164
1872,39
3881,70257
5883,1020
6882,70
21087,1
9779,2
9055,2
1882,175
2883,14661
6872,152
1666,1
6753,268
8751,2
2542,11396
9622,1
4337,16269
7376,105
9217,4
5838,1129
7797,30
11868,1
5504,1979
8262,12
2071,635
3006,41882
10075,3
3675,156149
5523,1913
10606,2
8281,5
2096,753
7190,124
8170,9
9090,3
2730,19889
4516,9536
2363,4954
11530,1
6226,803
4123,33479
3026,43761
8852,6
3651,107056
7633,34
5442,2158
3329,146479
3043,46764
3854,112229
7858,29
7779,17
7616,24
5088,3698
6108,635
8142,12
4018,70967
15137,1
9905,4
6823,242
2702,18520
6764,188
8726,4
4627,7221
2513,10103
7590,60
6535,143
4425,12498
4300,18459
6337,420
9220,2
2824,25597
5674,1440
8509,2
8211,13
3893,101965
1802,43
5895,974
7527,20
3196,72603
9297,3
1926,156
9746,3
7177,46
10026,1
5848,1057
10888,1
3626,109925
7684,71
8252,11
2067,605
9010,3
4596,7753
4372,14659
7333,70
9252,5
4045,43255
1969,251
9118,4
9073,2
6850,144
2678,17625
8777,6
2560,12028
9709,1
6586,254
4496,10131
9600,3
1316,1
2285,3201
6155,597
8193,13
3032,67558
3807,124924
5805,1162
8846,5
3663,106160
7641,24
5456,2101
3051,47301
10040,1
7767,28
3640,162274
5556,1790
3338,49131
5098,3477
6118,636
8156,17
4008,24439
12078,1
6815,240
2716,19629
1681,17
6774,92
4619,7541
2525,10438
1490,1
9645,1
7580,39
2341,4272
7391,33
4310,18163
5289,2642
6309,438
4101,54667
1833,34
8988,4
3840,115697
8881,2
11892,1
10802,1
3578,113945
9693,2
7574,30
5491,1054
10378,2
7106,140
10085,1
3861,110159
3685,102734
3559,114420
5399,2366
10359,1
2926,33087
9938,2
9857,1
4537,8966
6508,332
4418,12683
6416,177
2302,3350
17636,1
6207,520
4142,31426
5858,1089
8835,3
3632,163715
7694,30
8556,9
5425,2280
8347,11
2051,569
9020,3
1851,68
6968,132
2780,22954
2591,13454
15870,1
1402,1
7512,73
4382,14169
9108,1
6840,209
1654,7
2668,17140
2570,12518
6592,277
9610,1
4482,10475
2394,5750
4367,14945
7344,69
9247,5
2041,558
2940,34578
2849,27565
6799,88
5619,1610
6470,315
8234,15
8185,9
9065,2
1894,114
6864,165
1670,9
2554,11609
9634,2
7478,69
4347,15802
7360,32
4259,21211
6293,462
9339,1
9267,4
9200,6
6128,641
4038,44545
6906,226
1693,17
9824,1
4544,8948
9536,3
2353,4647
4320,17206
7383,65
6274,506
4113,34743
3014,42601
10005,4
8860,8
3605,55793
7663,15
8561,5
5470,2113
8279,6
2084,680
7186,84
10093,1
3877,35040
1826,57
8890,4
10875,1
3693,152548
9686,2
5480,2019
2932,50702
9928,1
9861,1
5689,1473
6709,305
4501,14852
6518,299
4408,12974
6402,176
9357,4
4237,22829
6231,524
8104,4
11131,1
2744,20782
9842,3
4669,6663
4522,9255
2331,4091
11544,1
6379,376
4171,28366
6212,542
1863,48
9030,3
6978,169
6893,159
2790,23713
12933,1
1607,11
7506,86
9548,1
4396,13493
7317,80
4187,27124
2012,550
2971,37691
10682,1
3389,106288
6441,172
2179,1501
8205,15
3082,78569
2037,701
2950,35529
6460,157
8224,16
6937,216
7909,33
1640,5
6494,320
2380,5452
9507,1
7448,84
4351,23573
7350,65
6285,486
9271,2
9210,1
1885,117
9052,5
2884,29581
7968,20
6875,139
1661,17
6754,97
8756,4
2545,11186
9625,2
7469,38
4330,16609
7371,66
5835,1119
8810,7
3613,110897
7671,24
5509,2025
8577,7
5400,2332
7944,22
9810,1
1586,3
4570,8248
8585,7
9366,4
4206,25358
6240,796
8175,19
9095,2
2735,20570
9873,1
4513,9745
2366,5109
9349,5
4229,23537
6223,533
4126,49700
3029,44778
3832,118424
3326,145433
5135,3391
3046,47231
3851,75627
7613,19
10646,1
2006,174
2907,47523
6437,529
3096,54571
2021,631
2960,36582
2829,25757
5679,1481
8504,5
6450,325
8377,9
3894,33870
1805,54
5892,1041
7520,50
3191,71554
9290,5
8968,1
5866,526
8821,6
3598,112248
13687,1
8520,8
5431,2205
5358,2513
8357,7
2144,1188
5149,3240
5843,1080
8800,4
8541,10
5410,2211
3355,50690
8259,12
3126,59181
9015,4
8799,7
1626,6
4593,7862
4377,7149
7336,61
9257,1
7955,20
9801,1
4561,8392
2372,5231
12546,1
6251,764
4132,32703
3037,45499
10066,2
3802,42034
5800,1122
8843,3
3666,52336
7644,32
5453,2179
8498,2
3827,39995
10821,3
7625,34
3333,49352
2911,31988
7992,22
6421,406
8324,13
2119,935
1834,61
3847,75961
8886,6
9694,2
1463,2
7573,74
5496,1922
1813,22
3688,102393
3554,171963
1440,1
7550,36
5394,2299
3187,71062
10354,1
6037,728
8978,6
5872,1041
4747,5765
3588,112619
8619,8
8530,8
5348,2543
8361,7
10388,1
2154,1172
3175,68673
11254,1
10037,1
8830,4
3637,53865
7691,13
8553,9
5420,2218
8342,15
5158,3162
2054,577
6967,114
9988,2
9881,1
1632,4
9557,3
7322,79
12362,1
9004,1
6845,160
1651,5
8788,7
2575,12558
6597,259
9615,5
4487,10358
2391,5674
4362,15071
7341,36
9242,3
3979,79971
4989,4028
3816,40921
5810,1100
8875,4
5739,1287
7654,23
5465,3241
8488,9
3302,46346
8387,10
3113,57138
8188,3
2991,39907
7026,152
9068,3
1899,65
6920,147
7912,34
6869,135
1716,5
2559,11900
7475,60
9510,3
4254,21194
9334,2
9207,3
9049,6
6901,218
1694,7
6808,174
2538,11079
4543,8978
9658,2
9531,2
2354,4673
12560,1
4327,8295
7384,87
6273,485
4114,34350
8995,4
3565,171028
7561,41
10365,1
3917,63552
5757,1276
3698,100477
3544,57311
7540,66
9586,5
5384,2401
10344,2
2937,34221
9864,2
4504,9839
6407,200
9352,4
4232,23332
6234,489
7058,100
5984,803
6996,112
1768,51
9035,4
1866,83
6896,159
2795,23980
1602,5
7503,69
4393,13737
4289,19127
7312,89
7279,36
4182,27414
2019,457
10689,1
8516,9
3382,158671
2172,1452
8307,5
3089,53004
5107,3519
6087,686
5820,1077
3372,104069
8391,10
5316,2636
2182,1541
3105,55716
6930,153
1647,9
6493,311
2387,5626
9500,6
4356,15259
9409,1
7357,37
6282,488
9276,3
2980,38853
1888,61
2889,29991
7965,38
6917,132
6878,219
6759,287
2548,11615
4551,13042
9628,3
9527,5
7464,53
6261,481
3926,61884
5937,917
5766,639
3513,114792
4878,4606
7941,8
15045,1
9815,2
4575,8164
8580,5
9363,2
4203,25694
6245,495
2369,5087
9346,1
4226,35349
4129,32782
3837,39272
8858,6
7639,39
5448,2130
10523,1
3323,144822
5130,3294
7049,51
6983,132
1779,40
1616,3
1425,1
7535,17
7306,98
4196,26241
9285,2
6007,813
4816,5104
4777,5453
8311,12
5187,3105
2102,823
2026,447
2967,37091
6457,168
8503,14
8370,12
6940,200
7936,17
1534,2
4582,8046
9570,1
6481,472
7455,52
7244,80
4956,4304
8963,5
11916,1
9797,3
6666,108
3593,169383
8624,5
2437,7137
5353,2395
3140,62008
5142,3362
5846,1060
8805,5
3628,109606
8544,9
10550,1
5415,2208
3350,101158
3123,59066
2069,644
7973,28
4868,4809
8590,8
4271,20450
7281,83
9311,2
7950,28
9804,1
4564,8446
2377,5231
6254,485
4137,32296
3809,82814
8848,2
3531,115198
5458,2110
8493,11
10515,2
3315,142840
10331,1
5120,3516
6054,764
4827,4982
7897,25
4724,6176
8449,6
2133,1060
2916,32215
7995,16
6426,501
8428,11
8323,5
3907,97947
1839,119
8982,8
5747,1256
3572,114320
9699,2
7016,67
6950,114
7922,16
1726,13
1524,1
9560,2
7423,87
7254,44
6032,794
8038,6
5877,488
4742,5814
2429,6991
8535,9
10468,1
3268,129776
8364,12
2151,1208
3170,66953
10038,3
5852,512
8914,2
3638,109201
8635,8
10540,1
3340,148518
5324,2635
3151,63455
5157,3311
14174,1
6962,202
9884,2
1637,6
7518,58
4388,14145
7327,38
4088,37838
5018,3918
3993,76331
4963,4146
8930,5
4787,5467
11923,2
4699,6341
6653,328
10735,1
3449,112210
10564,1
3364,102696
6389,356
2248,2495
5300,2688
2194,1630
5209,3035
3135,60545
5177,3199
6198,553
10249,1
5110,3535
6090,1009
3974,54102
8056,23
4984,4168
5907,919
8878,8
2696,18271
5734,1339
7659,50
3523,115648
5468,2100
8485,8
10406,2
3206,73992
2996,40779
7021,115
6927,67
7915,28
1711,26
7472,64
4253,21673
6299,445
9333,1
7983,13
8649,3
8458,11
8331,12
2126,980
10227,1
7096,114
3931,61194
5771,1218
10818,1
3427,55294
5267,2816
3912,32152
3879,105138
1828,100
5752,658
3541,57561
7545,44
5381,2359
9188,5
6026,1169
8028,28
17206,1
8947,7
4756,5825
10760,2
8604,2
3393,160595
5377,2342
10478,1
8415,17
3278,87890
2163,1332
11363,1
3160,65301
10149,1
5981,805
6993,119
3749,92779
6976,178
9894,4
1609,3
16931,1
1502,1
7508,39
4398,13569
7401,83
4282,19916
7319,54
7272,94
4189,26799
5028,3714
3985,52056
8067,18
4975,4112
5954,841
8900,16
4791,5230
6645,249
2278,3008
5330,2591
3237,120662
5161,3237
5100,3433
6080,674
5009,3957
8921,3
5827,569
10575,1
3375,104787
2259,2490
8396,6
5311,2576
2185,1569
6189,578
3102,55126
4099,36374
7037,160
7903,27
1707,23
7442,59
4241,22271
9321,3
3940,89563
2859,27999
5911,946
6789,168
5700,1385
6680,232
5609,1616
3416,54475
7492,45
5256,2917
3923,62544
5932,924
5763,1217
3516,57485
3439,112000
5279,2757
10316,1
4877,4829
8684,6
9879,1
4519,9399
9343,2
4223,23663
6229,511
1793,71
7759,46
1551,1
9595,1
7221,78
7044,118
5990,1228
1774,22
1572,3
1428,1
7538,25
7413,29
9392,2
9288,5
7202,37
6000,804
4811,5125
4770,5499
8316,11
5180,3105
2105,784
10174,2
7060,58
1750,35
3774,88888
5589,1705
7433,64
9435,1
4292,18771
7262,128
7001,172
3795,85484
1731,17
7816,13
7737,58
4589,8024
9414,4
4953,4353
8966,7
5868,1083
9792,1
3596,111504
6663,106
10745,1
8621,12
2432,7029
5356,2472
8359,6
10396,2
3145,63273
5147,3330
3951,58088
5926,1421
5711,1402
6691,100
3502,57522
7487,63
10302,2
7158,71
1949,102
7976,28
9729,1
2489,9215
8595,9
4274,20142
7284,123
9314,5
1595,8
12548,1
9375,2
4215,24385
1785,47
3729,144228
1543,1
9486,1
7233,68
6138,628
4028,46135
6053,700
4820,5044
7890,26
4723,6055
2134,1042
6070,710
7998,25
4807,5192
4700,6148
8656,9
8425,13
2113,918
10164,2
7070,100
1740,22
3764,90614
7845,29
7706,43
5577,796
14645,1
9443,1
7013,57
6955,129
7927,6
1723,11
7729,16
1521,1
5598,1757
9565,2
7426,108
7251,96
9197,6
8037,24
4921,4367
8972,4
5878,1052
5791,577
9786,1
3582,169911
6611,244
8613,4
2426,6823
5342,2459
3267,85731
5857,1091
8911,7
10754,1
8630,6
8559,6
3345,100172
5321,2579
8348,3
3154,63829
5152,3233
7148,133
4893,4524
7823,33
4264,20698
7294,89
9304,2
4085,37923
5015,4023
8070,16
5961,801
4694,6342
6546,263
3444,55978
4456,11443
3369,51634
6384,383
2245,2422
2199,1730
3220,76582
5204,2975
3138,61343
6195,558
5117,3378
6097,650
3973,54278
4983,3968
8051,25
5900,999
2691,17989
5733,1279
3524,115370
8482,12
3308,46979
3201,109717
10324,1
3119,58373
4058,20949
1974,133
6041,356
4850,4906
4731,5892
9714,2
8476,4
2298,3364
6148,585
1995,325
9146,2
6060,678
7988,10
4831,5042
7881,35
4710,6146
2626,14928
8642,1
2455,7908
8453,19
10222,1
7093,76
3934,60648
11984,1
5774,1214
3422,110492
5262,2816
5085,3494
6105,656
9166,2
4015,71652
4910,4400
9908,4
6769,187
2606,13864
6620,253
8662,9
2471,8442
6538,152
4428,12421
10496,2
8433,6
3296,91920
6023,755
8942,1
4753,5679
4649,6997
10765,1
8708,3
3499,115266
8601,5
3396,107608
5372,2355
8410,11
6359,415
2166,1324
3165,66432
10299,1
10142,1
7056,172
6998,188
1766,17
3742,94698
1564,4
9461,3
9384,5
7214,77
1929,89
4885,4647
7835,13
7178,134
8129,5
3982,78925
8060,10
4972,4149
5953,876
2769,22325
8907,5
4796,5402
6642,225
5337,2532
10430,1
3230,39396
5166,3110
4094,18365
5004,4046
4991,3984
3961,84158
8047,19
5970,851
2687,18176
5721,1374
10578,1
3378,105492
2254,2462
3217,76534
2188,1560
6184,575
4048,42833
1964,378
9115,3
4840,4961
2675,17388
8691,6
8462,5
2288,3284
6158,617
10213,2
3945,58949
5914,914
5705,1390
6685,116
3413,109083
7497,46
5253,2948
10236,2
2875,29114
5625,1591
3519,57487
3436,166965
5276,2693
10319,1
4872,4800
1589,5
8681,5
9369,2
4209,25361
6015,1100
4901,4524
8956,3
4765,5581
2613,14309
8718,6
6631,344
8677,7
6529,143
2402,6072
4439,12065
11602,1
5366,2366
10483,1
3283,44638
8400,8
11413,1
5195,3067
10132,2
3732,144043
7754,12
5547,1827
9473,2
12245,1
7043,105
5997,805
6989,102
1773,14
1575,3
7414,57
9395,3
7205,72
5035,3832
4942,4276
8010,15
15164,1
5941,459
2809,24610
10981,1
4674,6586
5659,1472
6672,196
6364,373
2265,2728
3240,121462
3067,49851
7135,30
7870,27
14911,1
7711,27
1519,1
5582,1696
7438,29
4299,18394
7269,72
7004,46
7938,9
3790,129166
1734,19
7813,12
7732,16
2844,27083
6794,163
5614,1646
3461,170324
5221,2958
8239,17
3954,86117
5923,955
7789,24
5714,1343
6694,209
3507,172965
7482,21
7153,119
1942,181
4866,4834
9722,1
2482,8938
10103,1
3703,101020
5514,1978
8276,7
7189,95
1782,50
9481,1
7234,94
6135,637
1981,131
4025,69612
9130,4
8090,20
2650,16118
2441,7286
8443,7
2139,1048
5043,3753
8109,24
17323,1
8000,20
9946,2
2749,21114
6727,95
4664,6754
6576,397
4466,11115
17716,1
6374,408
3250,82669
2213,1904
10161,3
7075,96
18330,1
1745,25
3761,136432
7840,29
7703,54
5572,1781
9446,1
3079,51248
10180,1
7928,24
3780,43721
7861,25
7726,54
5597,1753
7429,26
9192,3
6038,764
8032,9
4924,4401
8977,5
5794,1150
4748,5695
15973,1
9783,4
3587,56539
6614,269
8616,8
2423,6901
5347,2581
3262,128465
7162,144
16272,1
1911,132
12122,1
3889,68881
7805,29
9771,2
7145,108
1932,280
9752,2
4269,20605
7299,38
9309,5
4082,57859
3999,50122
5012,3975
8077,10
4969,4119
5966,430
11042,1
4693,6330
6659,317
6541,123
3443,167896
4451,17396
6383,393
2242,2252
10427,1
3227,39345
5203,3050
6192,552
7082,45
10116,3
3716,49161
9497,5
8289,13
7198,144
6143,646
4053,42235
9120,1
8080,18
2640,15711
8765,3
2293,3228
1990,164
9143,6
6065,1107
4834,5047
7884,32
4715,6153
2623,14860
8647,5
2450,7536
8456,6
2128,1052
11328,1
10153,2
7850,28
3753,92889
7771,24
5566,838
9452,4
5080,3625
6100,663
9163,1
4010,48447
4915,4496
2603,13885
6625,251
8667,2
1488,2
7598,64
2474,8520
10493,1
8436,4
3293,136450
4308,18214
9228,4
9186,3
5061,3721
6028,747
8026,25
4934,4326
8949,3
5784,1191
4758,5661
4642,7057
8703,10
6604,120
3492,114633
2415,6525
11615,1
5379,2402
6352,198
3276,132124
2231,2195
7112,142
1903,184
9763,1
4882,4632
7832,22
8124,9
5022,3791
2816,25390
9967,1
2764,21766
4681,6577
5646,1555
6557,129
3451,112487
4447,11626
6391,199
2272,2779
5211,3042
4062,20581
9018,3
1847,42
9995,2
8794,3
2587,13196
11787,1
6172,572
1961,250
9110,4
4845,5002
6858,150
2670,17012
2568,12344
11768,1
8694,8
8467,5
2853,27490
6783,169
5603,1692
7498,60
8244,9
3929,92181
2870,28656
5938,843
5769,1234
5620,1615
3433,55745
5273,2833
5090,3559
6110,697
9155,4
4000,74858
11149,1
1689,20
2635,15139
8732,4
4611,7578
1498,1
7588,12
2464,8073
2349,4481
7399,18
4318,17726
11435,1
5281,2815
6301,704
9238,2
4109,35567
5073,3666
6018,771
6836,150
4768,5512
5697,1402
6717,185
4632,7102
8715,4
2506,9612
9666,3
6524,157
4434,12187
6322,442
2223,2025
5198,3101
10135,1
1799,32
3735,95510
25203,1
7753,47
5540,2805
9474,2
5053,3692
8115,33
2755,21367
6737,292
4652,6903
3482,171243
6500,336
4410,13065
6342,411
2203,1838
8134,12
4949,4281
2802,23940
2774,22651
6679,116
5652,770
6561,265
4471,10832
2327,3964
4167,28899
3062,49310
7130,112
7875,27
7714,28
5587,1674
4077,19790
1953,345
9100,3
6848,230
2660,16560
8785,12
2578,12755
2493,9412
11460,1
6167,591
2948,35483
2841,26765
6791,70
5611,1568
3464,113526
6478,467
5224,2953
10264,1
2049,524
10205,1
2860,27934
5928,929
7782,11
5630,1614
3405,54758
7489,46
5245,2975
9208,4
6120,623
4030,22925
9046,4
2894,30469
6807,69
6744,167
8742,5
4603,7498
2537,11103
9657,2
4328,17068
5293,2753
6313,407
8868,3
13967,1
3704,150176
5513,1997
8569,5
5478,1983
8271,14
3723,96857
7741,16
1549,3
5530,1845
8296,7
7239,74
8163,6
9083,6
9920,3
2723,19905
9869,3
5681,1461
6701,277
4509,9993
6510,156
4400,13378
2316,3734
6239,463
4156,29722
5046,3717
11139,2
8005,19
11016,1
9943,2
6722,216
4661,6755
6573,387
4463,11081
2339,4377
6371,406
10455,1
3255,41854
2216,1947
4179,28083
7120,100
7605,36
10676,1
9449,4
3076,51255
7019,111
3785,87202
1729,25
7864,22
7723,50
5592,1706
9426,2
2958,18217
2837,26229
5667,1491
3474,114161
6468,330
5234,2980
1877,122
3884,69179
5886,975
6887,204
7808,28
10846,1
7142,95
1935,196
4899,4522
7829,12
9755,2
8818,3
7792,27
7679,25
5501,3017
5408,2240
8267,11
2074,632
3005,41518
7089,104
10076,2
3676,103912
5520,1917
8282,6
2095,770
7193,72
4056,42060
9125,7
8085,11
2645,15962
8760,8
8478,9
2296,3226
6146,569
3021,43833
8855,6
3656,105986
7634,55
10621,2
5445,2182
10156,1
3859,74129
7855,24
3756,91885
7774,10
5563,1800
9457,1
9168,2
8141,14
9906,1
6820,146
2701,18626
6767,163
2608,14291
8725,8
4624,7288
2510,9976
7593,46
6536,272
4426,18615
3298,137481
4303,18169
6334,444
9223,2
2029,240
2968,37265
2821,25222
5671,1495
6458,330
8214,11
7115,140
1904,46
10799,1
7528,66
3199,73259
9298,2
1923,256
9743,3
7172,96
8808,9
3625,164580
7687,44
8549,6
5418,2176
8251,2
2064,629
4067,40442
1842,80
8791,6
2582,13185
6177,289
4042,43519
9074,2
6857,76
8770,6
2567,12321
6581,377
4491,10193
9607,1
8468,3
2282,3116
6152,285
8194,14
2856,27254
6786,184
5606,1751
3419,55080
5259,2836
8241,10
3052,47515
10043,2
7764,31
3643,161447
5555,1796
10652,1
8153,17
9158,2
6810,101
2713,19257
1684,9
6771,188
2638,15426
2520,10269
2469,8494
7585,16
11669,1
2344,4419
7394,64
4315,17578
9235,1
4104,35776
9179,2
5074,3631
12094,1
9913,1
6831,222
2619,14565
5690,2148
6710,99
4635,7164
8712,8
2501,9635
9661,2
6523,408
2408,6170
4433,11983
10489,1
3289,89883
6325,420
2224,2069
7103,154
10080,1
3864,73130
3680,51722
7558,51
5058,3701
2925,33067
11008,1
9854,1
4659,6872
4534,9083
3489,115057
6415,533
2301,3365
6349,441
2208,1811
6204,556
4141,31562
8131,19
2807,36636
2771,22231
5657,1563
6564,256
4474,10661
2322,3889
4162,29508
9027,1
1856,54
9980,1
2787,23231
9889,1
2596,13606
7515,59
4385,14063
4072,39588
1956,113
9105,6
1659,6
2665,16733
8780,3
2496,9343
2399,6032
7349,31
6162,557
2042,534
2943,34949
6473,498
8237,11
8180,12
2999,40903
9060,2
1891,127
6928,213
6861,153
1675,16
2551,11605
9631,3
9518,1
4342,16208
7365,99
6296,417
9262,4
6127,308
4037,22180
9041,4
2893,30474
6909,200
6800,172
6743,173
8745,7
4604,7641
2530,10814
11730,1
9650,4
9539,2
5294,2779
6314,452
3011,42421
10109,1
8865,7
3709,99991
3600,167774
7666,18
8564,4
5475,2068
2081,653
7183,84
10090,2
3874,71576
1825,54
8893,3
3690,152334
9685,1
7548,81
5483,2086
8166,7
9086,3
11113,1
9925,2
2726,19826
5684,1407
6704,107
6515,432
15715,1
4405,13363
2313,3753
4153,30204
5049,3755
8103,19
11136,1
2743,20924
4525,9362
2336,4243
2219,2004
4176,41921
6215,839
7125,91
7709,47
5578,1764
7600,34
3073,50557
2011,410
11211,1
2972,38100
10681,1
6442,358
8206,16
3081,52295
2032,694
2955,35953
3479,171602
6465,482
5239,2946
10279,1
8221,12
1870,100
3883,34903
5881,1042
6880,135
12920,1
7168,90
9215,2
2988,39590
9057,8
1880,137
2881,29455
6870,149
1664,13
9839,2
6751,314
8753,15
2540,11299
4559,8664
9620,2
4335,16418
7374,23
6269,479
10010,1
5836,1048
7799,12
8813,7
3610,111596
7672,39
8574,7
5403,2306
3000,41112
10118,2
3718,146299
3673,104184
5525,1786
9499,1
8287,17
2090,732
7196,88
8172,9
9092,6
2732,30202
9874,2
4514,9706
2361,4901
6224,507
4121,33967
3024,43775
10053,1
8850,7
3653,106705
7631,43
10624,3
5440,2189
5138,3316
3045,46836
3852,37402
5568,1732
7610,13
10645,1
2003,541
2902,31120
6432,187
8319,6
3093,54068
2826,25515
5676,2174
8378,13
8213,12
7118,72
1909,130
3891,34299
5897,1002
1800,51
9769,2
1435,2
7525,47
3194,72148
9295,4
5865,1592
8822,6
8523,6
5432,2221
8354,5
2147,1190
3148,63067
3620,110240
7682,17
10558,1
3358,51202
8254,10
2061,583
4068,60523
9012,4
1621,6
4594,7876
4370,14354
7331,104
9250,6
6178,585
15378,1
8191,2
4047,43667
9071,6
6852,95
8775,11
2562,11973
6584,402
4494,10064
9602,2
2287,3191
6157,591
3034,44963
3801,84112
5803,1138
8840,5
3665,158368
7647,41
3539,114708
5450,2090
5128,3358
3822,80485
7769,22
10824,1
7620,45
5558,1726
13605,1
3336,99267
8154,11
6817,150
2714,19401
1683,6
6776,272
8738,6
2527,10900
1492,1
11727,1
9647,1
7582,20
2343,4398
11514,1
7393,56
4312,17735
9232,2
4103,35482
1831,29
3842,76762
8883,1
9691,1
7576,59
5493,2004
7108,99
1810,49
3557,171636
7553,65
5397,2432
3184,69573
2920,32741
9851,1
6739,198
4531,9290
6410,175
2304,3439
6201,887
4144,31067
11253,1
8837,3
3630,54370
7696,45
8554,1
5427,1136
3348,151168
8345,20
3159,65158
2053,540
9022,8
1853,130
10978,2
2782,34656
2593,13263
7510,22
4380,14357
4079,58373
9007,4
6846,185
1652,16
2576,12674
6594,214
9616,5
4484,10625
2392,5742
4361,15205
7342,57
9241,3
6169,569
5118,3297
6098,638
3813,82122
5815,1673
8870,8
7651,61
10716,1
5460,2121
3307,140666
8382,11
3116,57435
8187,20
7029,71
9067,5
1896,180
6866,71
1719,8
1672,10
2556,11832
9636,1
4345,15926
7362,86
6291,199
9265,5
6904,58
1691,4
9826,1
8748,3
4609,7588
4546,8934
9534,2
2351,4564
4322,17132
7381,89
5299,2708
6319,429
6276,688
4111,35281
3939,60073
8996,3
5779,1245
3566,57047
1472,2
7562,66
3871,71432
1820,47
8896,7
3695,101502
3549,114921
9680,4
5486,2071
5389,2350
10349,3
8169,14
9089,4
2930,33765
2729,20080
9863,1
4503,10007
6400,391
9355,3
4235,22839
6233,496
8106,19
9949,3
2746,21206
9840,1
6728,283
6579,136
4520,9568
4469,10957
2333,4148
4173,28351
6210,534
9036,2
1865,51
6895,147
2796,23607
1601,1
7500,63
4390,13690
7409,78
7311,66
4181,27401
10587,1
8513,6
3387,159379
2177,1485
11377,1
8302,11
2035,447
2952,35751
6462,441
8226,5
6935,60
1642,8
6496,331
15696,1
2382,5453
9505,3
4353,15535
12536,1
7352,28
4249,22128
6287,454
9329,1
16442,1
2983,19443
7966,12
6914,130
9832,2
8758,6
4552,4321
9524,2
7467,51
6262,492
10015,3
5833,1159
8816,7
3615,166389
7677,15
8571,5
5406,2265
8269,10
13348,1
7946,20
9812,1
1584,5
4572,8468
8587,4
9364,2
4204,25326
6242,522
8177,8
9097,6
2737,20487
9871,2
4511,9621
2364,4795
6221,534
4124,33548
10058,2
3834,77966
3658,53147
3320,95511
5133,3477
5998,849
6986,111
10958,1
13740,1
7530,37
7303,102
4193,26369
9280,3
2004,185
6008,778
2905,31271
4819,5023
4778,5469
6435,169
5188,3143
3094,54289
2023,614
2962,36873
8506,9
6452,163
8375,9
7009,170
6943,136
7935,11
1739,34
4581,8048
6482,170
7456,67
7247,75
5860,1053
8827,13
8629,4
8526,3
5437,2223
8351,4
2142,1087
5841,527
8802,6
10724,1
8543,8
5412,2243
3357,153055
3124,59078
9017,5
1848,115
16011,1
1624,5
2588,13088
4591,7756
4375,14411
7334,106
9255,2
7953,27
4567,8405
2374,5339
6257,502
4134,32321
3039,45459
10068,1
3668,157581
3534,115076
8496,12
3310,93825
5125,3365
3058,24475
3825,119478
3649,107359
7627,11
10531,1
3331,98197
6078,701
2913,32207
7990,29
4708,6271
6423,532
8326,6
3904,98586
8981,5
3849,75405
8888,5
5744,1272
3571,114021
5498,1997
10371,3
1815,33
3552,57292
1446,1
7556,68
5392,2419
10352,1
3181,69848
6035,756
4929,4250
5870,1031
5799,1185
4745,5767
6619,214
8532,8
8363,8
2156,1239
3177,68168
10035,2
8919,6
8832,6
3635,108635
7693,23
8638,8
8551,4
5422,2214
5329,2585
8340,7
2056,530
9029,4
1858,42
6961,131
2789,23336
10973,1
9887,1
1634,5
2598,13689
9551,1
11589,1
7324,28
12364,1
3996,50480
8078,17
4966,4240
5969,875
8935,3
4782,5455
6656,323
10561,2
3361,102404
10428,2
5305,2686
3228,78485
2191,1625
3130,59735
5172,3270
8059,23
5908,976
3814,81569
5812,1146
8877,5
2699,18369
7656,49
10711,2
5467,2115
10500,1
3300,92831
8385,12
10409,1
3209,74999
3111,56721
2993,40459
7024,48
6922,144
7910,13
1714,34
7477,25
9512,1
4348,15744
4256,21247
9336,1
9268,1
6068,707
7980,20
4839,4928
7889,30
4718,6148
8332,7
2125,987
8993,5
3563,113845
7567,39
3915,96026
8899,11
5755,1252
3546,115059
7542,44
5489,2066
5386,2467
10346,1
2935,34163
16086,1
9866,4
4506,9802
2319,3737
6405,365
9350,4
4230,23331
6236,524
4159,29866
5982,871
6990,182
10942,1
9469,1
1868,87
6973,170
6898,194
10965,1
1507,2
9543,3
7404,35
4287,19345
7277,30
2978,38160
8514,8
3380,52821
6448,474
2170,1345
8305,11
5105,3430
6085,728
4999,4015
3969,27619
5978,796
8924,4
5822,1057
5729,1389
10707,1
10570,2
3370,103927
8393,8
5314,2677
2180,1542
3107,84385
7034,142
7900,16
1704,15
1649,5
2389,5777
7441,28
4358,15537
9407,1
7359,102
4242,22525
9322,4
9278,4
2986,39041
9059,8
7963,16
6911,125
9837,3
4557,8729
7462,65
6267,473
3924,62847
5935,883
5764,1247
3511,173084
7943,23
9817,1
1581,5
8689,2
4577,4131
8582,5
9361,3
4201,39035
6247,508
14555,1
9340,1
4220,24214
1796,69
1554,2
7224,44
6981,163
1614,10
13747,1
1427,1
7537,65
7304,44
4194,26176
9287,1
2009,374
6005,794
2908,15758
4814,5194
4775,5357
10699,1
6438,189
8313,14
5185,3295
2100,733
3099,54672
10177,2
7063,59
1753,46
7878,29
3777,44372
7719,33
7430,55
9436,1
4291,19077
7261,71
6946,116
17182,1
7930,28
3798,85024
4584,7967
6487,485
7453,69
9419,5
7242,88
4954,4144
8961,3
8828,9
9795,2
6664,243
3591,55982
8626,1
2435,7164
8529,1
5438,2205
5351,2484
10391,2
3142,62044
5140,3280
5844,1047
10884,1
8807,1
7688,14
8546,5
5417,2231
3352,50839
3121,58851
7975,20
8596,6
4277,9763
7287,121
9317,2
1590,2
2379,5500
4210,25113
4139,32096
5809,1168
3533,57619
8491,6
3317,95434
10333,1
17493,1
5122,3365
1989,464
9138,5
6056,754
8098,31
4825,5037
7895,26
4726,5990
2658,16532
2449,7650
2131,1064
6073,718
2918,32654
4804,5240
4703,6235
8655,8
6428,501
8426,3
17608,1
2110,873
3901,66483
8984,6
5741,637
3574,113689
7578,59
10374,2
7014,100
6952,59
7920,27
3788,86272
7869,25
1724,19
1526,1
9562,5
7421,62
7256,120
6030,772
5875,994
4740,5758
10772,1
8537,4
8366,12
2153,1274
3172,67307
11353,1
5854,1095
8912,3
8839,5
7698,39
8633,7
5429,2202
10546,1
3346,99809
5322,2545
3157,97715
5151,3290
4896,4480
7826,34
4261,21078
7291,42
3991,25585
4961,4253
9979,4
8932,5
4785,5496
6651,343
6549,146
4459,11140
10566,1
3366,51745
5302,2688
2196,1655
3137,61217
5175,3154
5112,3503
6092,661
3976,53660
4986,4073
8054,12
5905,922
3819,40252
2694,18120
5736,1264
3521,115300
8487,12
8388,12
3204,111273
1977,263
9128,3
6042,756
8088,9
4853,4885
4732,5961
2648,16027
8475,14
1998,532
7985,10
2458,7953
8337,3
2120,902
7094,83
3933,30369
10900,1
5773,1221
1478,1
7568,38
3425,165409
5265,2855
3910,64715
5750,1272
3543,171387
1457,1
7547,45
5383,2473
5069,3716
6020,793
8941,2
4750,5644
10766,2
8602,2
10595,1
3395,107484
5371,2419
8413,8
2239,2337
2165,1325
3166,66434
7053,145
1763,20
3747,93420
1561,4
9381,3
7211,73
6974,58
9544,1
7403,69
4280,19831
7270,92
3987,25826
8065,24
4977,4095
5956,900
8902,6
4793,5410
4689,6541
6647,217
3459,113593
6399,405
5332,2556
10435,2
3235,80200
5219,2951
5163,3194
10259,1
5007,3965
4992,3939
3962,28042
8044,20
5973,903
5829,1090
2684,17813
5722,1377
2257,2586
8398,4
3214,76002
6187,604
4097,36917
7031,156
7905,32
1701,12
6498,475
7444,55
9402,1
4247,22057
6289,484
9327,1
10214,1
3942,59593
5913,940
5702,685
6682,110
3414,109628
7490,79
5254,2919
3921,63095
2878,29217
5930,947
11991,2
5761,1290
5628,1570
3514,115496
10314,2
7948,20
4871,4734
8682,3
8589,9
9176,2
6010,797
4904,4393
8953,5
4760,5652
2616,14444
6634,395
8672,3
2407,6147
5363,2491
3286,89977
8405,5
11416,1
5190,3181
1791,17
1553,6
5548,1896
9597,4
7223,107
7046,110
5992,789
1776,18
1619,2
1570,5
7411,55
9390,2
7309,107
4199,25775
7200,100
5036,3801
8013,8
4941,4291
5942,941
4677,6655
6671,235
6569,273
4479,10711
6367,389
2266,2801
3243,122822
7138,53
10172,1
7066,42
1756,27
3772,89369
7435,37
9433,3
4294,18854
7264,73
10197,2
7003,177
6949,74
3797,84828
1733,15
7814,20
7735,16
12829,1
6488,139
9416,2
4951,4279
8964,4
9790,3
3594,56250
6661,226
8623,3
2430,6917
5354,2599
2148,1220
3147,62761
5145,3345
3957,85305
2868,28496
5920,958
5717,1370
6697,186
5638,1562
3504,172080
7481,83
13451,1
7156,133
1947,109
7978,32
4863,4847
9727,1
2487,9092
7959,25
1597,2
9377,3
4217,24442
1787,14
7749,24
1541,1
5538,1892
9484,2
7231,103
6136,588
1982,455
4026,46016
8093,14
2653,16343
2442,7280
8440,11
6076,1006
15276,1
4801,5324
4706,6260
8650,11
8423,3
8328,19
2115,942
7128,146
7072,94
1742,27
3766,45056
7847,23
7704,12
5575,1708
9441,2
7011,131
6957,67
7925,18
1721,33
7424,17
7253,120
9191,3
8031,35
4927,4426
8974,7
5797,1177
9780,2
10779,1
3584,112955
6617,233
8615,4
2420,6521
5344,2447
3261,85203
10384,2
2158,1293
3179,69025
7167,83
1914,243
7800,27
9774,3
4891,4678
7821,35
4266,20672
7296,60
9306,1
4087,18898
5017,3946
8072,22
5963,860
4788,5428
4696,6152
6544,297
3446,112021
4454,11385
6386,387
2247,2319
10422,4
3222,77594
5206,3033
5178,3200
6197,558
10246,2
7081,166
3715,147561
5528,1905
9494,6
1972,137
6047,714
4856,4783
4737,5845
8768,7
9712,2
8470,5
1997,182
9144,2
6062,713
4833,5040
7883,22
4712,6009
2624,14970
8640,6
2457,7863
8451,4
8338,9
10220,2
7091,47
3936,90497
8999,7
5776,1821
3569,57014
3420,110288
5260,2916
10369,1
5083,3533
6103,683
8149,7
9160,4
4013,48005
4916,4452
6828,242
2709,18950
2600,13718
6626,376
8664,3
2518,10129
9678,3
2477,8678
10490,2
8435,5
3290,136197
11400,2
9183,2
5064,3646
8023,33
4931,4509
5781,1271
4647,6870
8706,1
6601,350
3497,114957
2410,6340
11610,1
3398,161036
6357,385
3273,131054
2234,2181
2168,1363
10297,4
10140,1
7054,50
5988,854
1764,42
3740,142179
1566,2
9463,1
9386,1
7216,36
4887,4669
7837,50
8127,6
5021,3847
11071,1
2815,24841
9964,2
2767,22256
8909,7
4798,5265
4682,6487
5645,1515
6554,138
3452,56258
4444,11768
6392,373
2271,2856
5339,2565
5212,3019
5168,3213
10252,1
4092,37090
5002,4013
4997,4015
3967,54674
8041,3
5976,1319
2681,17623
5727,638
10709,1
2252,2561
3211,75058
6182,566
3109,56887
1966,219
9117,5
4842,4972
2677,17787
8778,7
8693,6
9706,4
6589,232
4499,10051
8460,9
3947,58312
5916,514
5707,1384
6687,335
3411,163324
7495,53
5251,2869
8249,7
2873,29088
5623,1565
3430,55115
5270,2756
5095,3532
6115,971
9150,1
4005,24286
6818,146
6779,107
2630,15252
8737,7
4614,7465
2528,10629
9648,2
2461,8105
5284,2815
6304,454
9171,2
6017,772
4903,4678
6839,146
11943,1
4767,5614
5698,1391
6718,198
2611,14225
6633,251
8675,7
2509,9931
9669,2
2400,5982
5364,2426
10481,1
8402,8
3281,88766
5197,3140
10130,2
3730,48310
7756,44
5545,1848
9471,3
5050,3735
8116,7
16193,1
9933,2
2756,21501
6734,283
4651,6857
3481,114406
1393,1
6503,466
4413,12967
2309,3679
6341,211
2200,1756
4149,31042
10281,2
8139,15
5033,3777
8016,8
4944,4191
5947,930
2779,22607
4672,6769
6674,112
6362,398
2263,2668
3246,82449
3065,49562
7137,152
7069,110
1759,31
7872,24
7713,19
5580,1760
10665,1
10192,2
7006,156
3792,85668
1736,37
7811,28
7730,42
1538,1
7459,76
9413,3
7248,122
2842,26913
6792,194
5612,1634
3467,113099
5227,2967
10267,1
10200,3
2865,28321
7787,44
5635,1598
3509,114930
3400,161290
5240,2939
10309,4
7151,143
1940,111
4864,4876
2480,8788
11680,1
3019,42904
3701,100626
3608,56083
5516,989
10619,2
8274,8
2089,736
10120,1
3720,97910
7742,34
5533,1813
8295,14
6133,636
1987,395
4023,46673
9136,6
6058,768
8096,15
15258,1
4728,6004
2656,16575
2447,7548
8445,12
5041,3859
8002,12
9944,2
6725,181
4666,6674
6574,115
4464,11188
6376,582
10452,2
3252,41690
2211,1955
7077,48
1747,23
3763,91217
7842,28
7701,47
5570,1822
7608,32
9444,1
3786,129999
7867,27
7720,33
1528,2
5591,868
9425,3
7258,69
2832,39176
5662,1475
3471,113375
5231,2953
8229,4
10271,1
7160,39
1913,62
1878,155
5889,985
6888,68
7807,15
10849,1
9773,3
7147,71
1930,271
9750,1
10018,1
7791,10
3618,165233
5502,984
8264,8
2077,675
3008,20859
7084,137
3710,99064
10608,1
9491,3
2098,778
6141,292
4051,42457
9122,3
6048,742
8082,8
4859,4768
4738,5917
2642,15793
8767,4
2291,3098
1992,309
9141,4
6067,724
4836,4889
7886,19
4717,6034
2621,14762
8645,7
2452,7738
8454,6
7856,38
3755,46016
7777,14
7618,32
5560,1837
9454,2
8144,17
9903,1
6825,138
2704,19024
6762,267
8720,7
4621,7284
8669,8
2515,10278
1486,2
9675,2
7596,33
6533,277
4423,12516
8438,9
4306,18165
6331,432
9226,1
9184,5
5063,3722
8024,12
4936,4208
5786,1192
4640,7246
8701,6
6606,362
3490,172178
8608,4
2417,6628
8419,4
6350,399
3274,44006
2233,2084
7110,54
1901,150
3899,66790
1808,28
9761,3
14304,1
1920,154
9740,3
7171,83
8122,16
5024,3871
3989,51824
4979,4004
5958,865
2810,24859
2762,22055
4687,6445
5640,2304
6649,118
6551,420
3457,169795
4441,11846
6397,388
2274,2737
5217,2953
4060,41341
1845,73
9997,2
1629,9
8796,6
2585,13155
11785,1
4378,14374
7339,58
9258,5
6170,585
1963,125
9112,7
9079,2
4847,4813
2672,17191
8696,9
9703,2
8465,10
8199,11
2855,27690
6785,80
5605,1666
8242,9
3057,73024
10046,1
7761,28
3646,108066
7628,67
5550,1801
5092,3634
6112,600
9157,8
4002,24918
2637,15544
8730,6
4613,7598
2466,8130
5283,2660
6303,476
5071,3499
11021,1
8959,4
9916,2
6834,220
5695,1398
6715,307
4630,7388
8717,3
8678,7
2504,9756
9664,2
6526,410
4436,11992
5369,2448
6320,401
2221,2048
7100,100
10083,2
3867,72241
1818,48
3683,51482
5055,3824
8113,10
2928,33262
2753,21358
6731,273
4654,6856
4539,9079
3484,114247
6506,407
4416,12641
6418,361
6344,408
2205,1738
6209,508
10284,2
8136,10
8019,13
5948,891
2800,24167
9953,1
2776,22706
5650,1548
6563,143
4473,10702
2325,3909
3249,41580
4165,29287
3060,48778
7132,32
10178,1
13153,1
7877,11
3778,88647
7716,24
5585,1689
10660,2
9439,3
4071,39774
1955,353
9106,4
2666,16722
8783,7
2495,9366
4369,14537
11466,1
9249,3
6161,622
2047,270
11247,1
2946,35149
6476,464
8232,11
2862,28124
7780,24
5632,1567
3407,163083
5247,2928
6122,642
4032,67975
9044,5
2896,30530
15111,1
1699,15
6805,162
6746,181
8740,5
4601,7748
2535,10943
2359,4776
7389,60
5291,2709
6311,417
4119,33838
3012,42354
10003,2
8866,4
3603,112065
7665,62
8567,10
5476,3142
2082,677
7180,93
1789,71
3725,145146
7747,32
5536,1872
8290,7
8161,11
2938,34394
9081,5
9922,2
2721,19635
5683,1473
6703,310
6512,471
4402,6658
2314,3602
6408,352
15503,1
4154,30270
5044,3628
8007,4
9848,1
6720,193
4663,6736
12778,1
4528,9382
6571,259
4461,11146
6373,365
3257,126375
2214,1890
6218,546
3070,50337
7126,139
3768,134859
7849,22
7603,54
2014,537
2977,38123
6447,337
3084,52324
8203,17
2835,26358
5665,2259
3476,113704
5236,2988
1875,101
3886,103930
5884,1032
6885,75
10844,2
9054,1
1883,71
2882,44781
6873,223
1667,10
6752,96
8750,3
2543,11415
11743,1
9623,2
4336,16331
7377,32
7794,31
8579,5
5507,1975
8261,14
2072,677
3007,63057
10074,2
3674,104088
5522,1910
8280,14
2097,784
7191,46
4054,63386
1978,409
9127,5
8087,23
2647,16016
8762,7
2294,3274
6144,597
3027,44035
10050,2
8853,5
3650,160157
7632,20
5443,2267
3328,97368
3040,45780
3857,110912
3758,45823
7615,59
10640,1
9459,2
14363,1
5089,3600
6109,697
8143,14
4019,23730
9904,1
6822,148
2703,18646
6765,266
8727,4
4626,7339
2512,10090
7591,22
6534,419
4424,12432
16681,1
4301,27670
6336,427
2823,25524
5673,1557
8216,12
3892,67956
1803,67
5894,972
10854,1
10797,1
7526,82
3197,72701
9296,4
1925,179
4889,4578
7839,32
9745,2
7174,43
10027,1
5849,1022
10889,1
3627,54895
7685,24
8253,19
2066,635
4065,61218
1840,37
8793,8
2580,12954
4599,7972
12442,1
6175,557
4044,21722
1968,255
9119,2
9072,6
11084,1
12034,1
6851,223
2679,17611
8776,3
2561,12146
9708,1
6587,378
4497,10254
2284,3053
6154,582
8192,21
3031,44632
3804,126064
5806,1148
8845,6
3660,105956
7642,45
5455,2139
10518,1
3318,143276
3050,47380
7766,23
3641,54057
5557,1832
10650,1
3339,99533
8151,22
11146,1
6812,231
2711,19125
1686,19
6773,260
2522,10602
1497,1
7587,64
2346,4424
7396,64
4317,17571
9237,2
4106,35530
1832,99
8989,3
3841,38661
8880,5
3579,168995
9692,2
7575,36
5490,3045
10379,1
7105,95
3862,36855
3686,153809
3189,71000
2927,33424
9939,2
9856,2
4536,8998
6509,449
4419,12595
6417,370
2303,3456
6206,546
4143,31083
8133,7
5039,3868
2805,24451
9956,1
2773,22630
4678,6541
5655,1532
6566,129
4476,16192
2320,3829
6368,403
2269,2770
4160,29792
9021,3
1850,81
6969,125
9986,2
2781,22955
12900,1
2590,13535
7513,22
9559,2
1326,2
4383,14162
1958,104
9002,5
6843,162
1657,18
2573,12404
9738,2
2498,9561
6591,123
9613,1
4481,10515
2397,5952
4364,14931
7347,71
9244,2
2040,223
2941,34612
2848,26943
6798,244
5618,1695
6471,297
8235,17
8182,3
9062,1
1893,135
7918,16
6863,67
1677,7
2553,11815
9633,2
4340,16172
7367,48
6294,482
9260,2
9201,1
6129,626
4039,44295
6907,63
1692,14
9825,1
4545,9037
9537,1
2352,4650
4321,17189
7382,27
6275,513
4112,34652
3017,42871
10006,1
8863,2
3606,111199
7660,16
5518,1903
8562,5
5473,2015
2087,716
7185,37
10092,1
3876,70757
1827,49
8891,4
10874,1
3692,101150
9687,3
5481,2018
8164,13
9084,5
2724,19925
5686,1455
6706,313
6517,303
4407,12879
2311,3745
9358,3
4238,22617
4151,45953
8105,16
2745,20828
9843,4
4668,6729
4523,9455
2330,4155
6378,370
4170,28797
6213,514
9033,3
1860,90
6890,210
2793,23740
9899,2
1604,1
1415,1
7505,43
11593,1
4395,13487
7314,60
4184,27327
2013,178
11213,1
2970,37737
3388,53093
6440,501
2178,1390
8204,1
3083,25950
2030,663
2957,54366
2838,26351
5668,1473
6467,340
8223,9
6936,143
7908,31
1641,4
6495,332
2381,5500
9506,4
7449,21
4350,15713
7351,84
6284,487
9270,2
9213,1
1886,114
9051,3
2887,30239
6919,126
6876,244
1662,4
6757,104
8755,10
2546,11559
9626,3
4333,16613
7372,58
14518,1
10012,1
5834,1124
8811,5
3612,54943
7670,29
5508,1932
8576,3
5401,3439
3002,41109
3671,104187
5527,976
10602,1
8285,19
2092,768
7194,79
8174,10
9094,3
2734,20156
4512,9587
2367,5083
9348,2
4228,23636
6222,547
4127,16893
3831,78484
10833,1
3325,96545
5136,3426
3047,47068
3850,113233
7612,60
10647,1
2001,320
11201,1
2900,30896
6430,324
2108,840
3091,53682
2020,417
2961,36813
2828,25772
5678,1472
8505,5
6451,493
8376,6
3897,66923
1806,31
5891,470
10792,1
7523,69
3192,71439
9293,4
8969,1
5867,1039
8820,6
3599,111937
8521,8
5430,2196
5359,2466
8356,18
2145,1137
5148,3234
10022,3
3622,109496
7680,43
8256,16
3129,59953
2063,592
9014,6
9999,2
8798,4
1627,4
4592,7876
4376,21544
7337,106
12377,1
9256,3
7956,23
9802,2
1598,2
4562,8407
2371,5128
9378,3
4218,24486
6252,260
4131,32925
3036,45206
10067,1
3803,83960
5801,1756
8842,4
3667,105293
7645,42
5452,1061
8499,8
3820,80831
7622,39
10534,1
3334,97867
2910,31838
7993,19
6420,365
8325,11
2118,945
3909,65107
1837,111
3844,38076
8885,4
5749,1339
9697,1
1460,2
7570,43
5495,1985
10089,1
1812,75
3689,101914
3555,57337
7551,57
5395,2361
3186,70191
8119,12
2922,32894
2759,21533
9853,2
4533,9153
6412,538
2306,3480
6203,544
4146,31212
10036,2
8831,2
3636,162634
7690,48
8552,8
5421,2270
8343,12
5159,3276
2055,536
6964,133
1631,9
7321,68
9005,4
6844,150
1650,14
8789,6
2574,12544
6596,267
4486,10273
2390,5624
4363,15052
7340,91
9243,3
3811,123474
5817,1114
8872,7
7653,47
10714,1
3529,172260
5462,2106
10505,1
3305,46586
8380,9
10329,1
3114,57359
8189,22
2990,40024
7027,55
9069,5
1898,200
6921,117
7913,8
6868,157
1717,25
2558,11781
11758,1
9638,1
7474,26
9511,1
4255,21231
9335,2
9204,1
2898,31186
6902,82
1697,13
9820,2
6748,282
4540,9032
9532,2
2357,4868
4324,17114
7387,93
6270,447
4117,34271
8994,1
3564,114063
7560,20
10364,1
3918,94852
3873,71141
1822,34
8894,1
5758,1300
10871,1
3697,100799
5484,2046
2936,34139
15035,1
9865,1
4505,9921
6406,543
9353,10
4233,23294
6235,490
5987,861
6995,108
1569,1
9389,5
7219,65
1867,97
9034,3
6897,124
2794,23768
1603,9
1508,2
7502,21
4392,13729
4288,19327
7313,43
7278,91
4183,27518
16403,1
10585,1
8511,12
3385,105371
2175,1466
8300,23
8209,7
5106,3479
6086,709
8927,9
5821,1119
11871,1
10573,1
3373,156065
8390,10
5317,2639
2183,1542
3104,55881
7039,111
6933,137
1709,15
1644,2
6490,460
2384,5413
9503,4
4355,15439
7354,31
6281,463
9275,6
2981,38422
1889,154
2888,30355
7964,13
6916,74
6879,83
9830,3
6758,192
2549,11454
4550,8760
12700,1
7465,71
6260,508
10017,1
5831,1121
8814,5
3617,110934
7675,38
8573,2
5404,2333
2078,658
4879,4597
7940,36
9814,1
1582,1
4574,8161
8581,7
9362,2
4202,12852
6244,532
8179,8
9099,3
2739,20711
12646,1
9345,2
4225,23698
3836,117152
8859,6
7638,25
5449,2169
3322,96111
5131,3304
6984,201
1611,8
1578,6
1422,1
7532,23
7419,52
7301,93
4191,26907
9282,1
7208,80
6006,820
4817,5203
4776,5452
8310,9
5186,3138
2103,829
2025,433
11225,1
2964,36621
6454,174
8500,21
8373,7
8218,10
6941,74
7937,23
1535,3
4583,8177
14737,1
9571,4
6480,355
7454,27
7245,77
4959,4307
5862,1078
8825,14
11832,1
6669,203
2438,7009
8524,7
5435,2248
8353,12
2140,1121
5847,1093
8804,5
3629,163555
8545,5
10551,1
5414,2243
3351,151323
3122,58461
2068,601
7970,19
8593,4
4272,20163
7282,35
9312,1
7951,22
4565,8427
2376,5369
6255,451
4136,32235
7648,46
3536,172186
8494,5
3312,142006
5127,3341
6055,748
4826,5093
7896,22
4725,5981
8448,6
2132,1033
2915,32566
7996,15
4809,5130
8658,8
6425,335
8320,17
3906,65308
1838,43
8983,6
5746,1283
10809,1
3573,113260
10373,1
3868,108885
1817,51
3550,172413
1444,1
7554,24
5390,2239
3183,35145
10350,1
9199,1
6033,769
8039,23
5876,1480
4743,5829
9788,2
10771,1
2428,6866
8534,4
3269,43250
8365,13
2150,1200
3171,67211
11350,1
5851,1565
8917,6
10891,1
8636,3
10543,1
3343,149580
5327,2578
3152,64143
5154,3270
2058,576
6963,47
10971,1
9885,1
1636,9
12803,1
7519,45
9553,3
4389,13959
7326,100
3994,25398
4964,4196
8937,4
4780,5464
6654,98
3363,51311
5307,2696
2193,1609
11393,1
3132,90731
5170,3145
5111,3461
6091,338
3975,81001
8057,4
4985,4044
5906,1020
8879,1
2697,18400
5735,1291
7658,28
3522,114678
5469,2091
8484,10
10407,1
3207,111631
10322,2
2995,40255
7022,121
6924,68
7916,10
1712,7
1679,11
7471,51
9514,1
7369,70
4250,21839
9330,4
12329,1
7982,14
8648,3
8459,4
8330,8
2127,930
11327,1
7099,40
8991,3
3561,170970
1475,1
7565,64
3428,110810
5268,2862
3913,64400
3878,70676
1829,24
5753,1321
9689,1
3540,172538
7544,44
5380,2357
10340,2
6025,776
4939,4313
8944,2
5789,1207
4755,5713
6609,367
8607,5
2418,6561
3390,159207
5374,2405
8416,10
2160,1300
3163,65582
10148,1
5980,849
6992,148
3748,93818
9039,5
6971,124
2799,23721
9893,1
1505,1
9541,2
7406,81
4285,19390
7275,81
5029,3849
3984,52456
8066,5
4974,4115
5955,896
10995,1
4790,5414
6644,223
2279,3135
5331,2544
10436,2
3236,80316
5160,3285
5103,3505
6083,695
8049,10
8922,6
5824,1124
2689,17927
3376,157092
8395,9
5312,2629
3219,38552
2186,1546
3101,55140
7036,106
7902,9
1706,14
7443,66
9405,3
4240,22822
9320,1
2984,38836
7961,25
6913,55
1668,14
9835,1
4555,8658
9523,2
7460,27
4339,16375
7378,75
6265,763
9219,2
10238,1
3922,63020
5933,961
5762,1211
3517,115264
3438,111580
5278,2798
4874,4718
9819,2
8687,9
4579,8339
6249,508
4518,9443
9342,1
4222,23827
6228,499
10138,1
1794,32
3738,94281
9592,1
7226,105
12243,1
7045,102
5991,388
1775,60
7539,33
7412,64
9289,4
7203,128
6003,785
4812,5273
4773,5401
8315,10
5183,3197
2106,857
11306,1
10175,2
7061,90
1751,13
3775,132597
1513,1
5588,1688
7432,29
9434,3
4293,19091
16551,1
7263,39
6944,126
7932,14
7819,33
16006,1
7738,12
4586,8083
9574,3
6485,139
14619,1
7451,75
7240,96
4952,4195
8967,3
5869,992
3597,112296
6662,367
10744,1
8620,4
2433,7178
5357,2495
8358,4
3144,62598
5146,3209
10208,2
3952,28640
5925,878
5712,1453
6692,194
3501,115174
3408,54493
7484,59
5248,2970
10301,1
7159,125
1948,308
7977,8
9728,5
2488,9129
8594,4
4275,20119
7285,44
9315,1
9808,2
1592,5
4568,8364
9372,2
4212,24689
6258,462
12272,1
10128,6
1784,40
10920,1
3728,96108
1542,3
9487,3
7232,34
6050,722
4823,5032
7893,14
4720,6102
2137,972
6071,717
7999,10
4806,5108
4701,6137
8657,4
8424,9
2112,862
3903,65529
8986,5
10912,2
5743,1294
3576,113414
7012,160
6954,57
7926,26
1722,18
7728,61
1520,1
5599,1698
9564,3
7427,24
7250,81
9194,2
8034,28
4922,4502
8971,5
5792,1193
3581,113952
6612,367
8610,8
2425,6664
8539,10
5341,2515
3264,85771
8368,12
10381,1
5856,1070
8910,2
10755,1
8631,11
8558,3
3344,50205
5320,2670
8349,9
3155,64916
5153,3272
1938,102
4894,4583
7824,18
4263,20940
7293,68
9303,3
4084,38340
5014,3988
8071,23
5960,850
4695,6315
6547,261
3445,112065
4457,11371
3368,155268
6385,421
2244,2344
2198,1764
3221,76856
5205,3122
3139,61489
6194,541
10245,1
5114,3448
6094,709
3970,54559
8052,7
4980,3953
5903,930
5819,1066
2692,18234
5730,1287
3527,57075
8481,5
3202,36757
4059,41261
1975,271
6040,1116
11099,1
4851,4804
4730,5953
9715,2
8477,12
2299,3570
6149,609
9149,1
7987,29
2629,15069
8335,12
2122,953
10223,1
7092,87
3935,60519
5775,1258
3423,109797
5263,2863
5086,3528
6106,663
9165,3
4016,23694
4913,4498
2605,14223
8728,5
4629,7030
6623,360
8661,7
2472,8351
10495,2
8430,11
3295,91608
6339,410
6022,795
8943,3
4752,5710
4648,7004
10764,1
8709,2
3498,114232
8600,8
3397,107265
5373,2460
8411,10
6358,396
2167,1432
3164,66091
10145,1
7051,167
1761,29
3745,93252
1563,2
9383,3
7213,45
1928,267
4884,4692
7834,36
9748,1
7179,45
3981,53074
8063,11
4971,4176
5950,891
2818,25335
10990,1
8904,5
4795,5383
5648,1563
6641,118
6559,365
4449,11489
5334,2579
3233,40316
5165,3232
4095,36727
5005,3967
4990,4102
3960,56644
8046,26
5971,851
2686,17824
5720,1313
3379,157559
2255,2656
3216,37910
2189,1609
6185,560
7033,129
6939,130
7907,8
1703,23
9509,2
7446,60
9400,7
4245,22001
9325,3
10212,1
3944,29402
13091,1
5915,1371
5704,1460
6684,345
3412,54925
7496,43
5252,2918
2876,29047
5626,2413
3435,111930
5275,2875
4873,4707
1588,6
8680,6
9368,1
4208,25192
5079,3511
9174,7
6012,798
4906,4513
8951,1
4762,5682
2614,14612
4638,7193
6636,218
8670,6
2405,6127
5361,2488
8407,10
3284,89595
6328,422
2229,2176
5192,3113
10133,1
3733,48277
7755,29
5546,1862
12690,1
9599,2
9472,1
7040,160
5994,835
1770,25
1576,2
7417,59
9396,2
7206,125
5034,3870
4943,4318
8011,16
5940,1364
2808,12280
4675,6461
5658,1467
6673,324
6365,569
2264,2723
10441,1
3241,40932
3068,49753
10170,1
7064,95
1754,24
3770,89624
10668,1
7437,79
9431,6
4296,18382
7266,37
7005,114
7939,30
3791,42348
1735,22
7812,37
7733,37
9410,1
2847,26857
6797,154
5617,1688
3462,56890
5222,3037
3955,28736
5922,897
7788,16
5715,2080
6695,189
3506,114803
7483,49
10306,3
7154,49
1945,193
4861,4788
9725,3
2485,8762
8599,6
4278,19660
7288,35
9318,3
10102,1
3702,50005
5515,2790
8277,11
7188,45
1781,54
10925,1
1547,1
9482,3
8298,3
7237,120
6134,654
1980,432
4024,46223
9131,2
8091,8
2651,16145
2440,7210
8442,10
11451,1
2138,1085
6074,727
4803,5337
4704,6295
8652,3
8421,13
2117,977
11317,1
10160,1
7074,60
1744,13
3760,91494
7841,11
7702,20
5573,1820
10678,1
9447,4
3078,51512
10183,2
6959,172
3783,44047
7862,41
7725,36
5594,1705
9569,3
9420,3
9193,2
6039,771
8033,17
4925,4393
8976,3
5795,1179
4749,5725
9782,1
3586,169864
6615,355
8617,2
2422,6607
5346,2522
10463,2
3263,42916
10386,1
7165,115
1916,164
7802,7
7144,104
1933,86
9753,2
4268,20509
7298,112
9308,3
4081,38956
5011,3957
8074,3
5965,1234
8939,2
4690,6382
6542,278
3440,167429
4452,5699
6380,361
2241,2353
5309,2588
3224,39333
5200,3089
6191,273
10240,1
7083,88
3717,98026
9496,1
8288,12
7199,31
1970,256
6045,761
4854,4920
4735,5809
9710,3
8472,10
1991,308
9142,4
6064,694
4835,4974
7885,8
4714,6006
2622,14921
8646,8
2451,7718
8457,9
2129,969
3048,47488
12196,1
7853,33
3750,139312
7772,26
5565,2608
10648,1
9451,2
5081,3555
6101,931
9162,1
4011,72941
4914,4506
2602,13816
6624,116
8666,5
1489,2
7599,15
2475,8386
8437,6
3292,90778
4309,17987
9229,2
9181,5
5066,3731
8021,23
4933,4225
11036,1
5783,1212
4645,6893
8704,2
6603,374
3495,113928
2412,6410
10471,2
6355,439
3271,86878
2236,2252
3169,66994
15403,1
7113,46
1902,109
9762,2
4881,4630
7831,37
8125,15
5023,3837
2817,25046
9966,2
2765,21783
4680,6441
5647,1644
6556,436
3450,169260
4446,11568
6390,547
2273,2985
5210,3080
10250,1
4090,56025
5109,3418
6089,681
5000,4053
4995,3950
3965,82742
8043,18
5974,872
8928,8
2683,17561
5725,1357
2250,2499
5318,2641
3213,37708
6180,584
1960,223
9111,2
4844,4805
6859,192
2671,17242
2569,12430
8695,3
9700,4
9609,1
8466,8
3949,57855
2850,27297
5918,993
6780,149
5709,1421
6689,205
5600,1700
8247,22
10232,1
3928,61926
2871,28704
5939,904
5768,1237
5621,1626
3432,166591
5272,2869
5097,3608
6117,642
8159,29
9152,2
4007,72525
12077,1
2719,19491
2632,15221
8735,4
4616,7513
2463,8191
5286,2709
6306,468
5072,3629
6019,726
9915,2
6837,195
4769,5593
5696,1476
6716,104
4633,7014
8714,9
2507,9771
9667,1
11707,1
6525,259
4435,11980
6323,453
2222,1989
5199,3147
3736,142594
7750,40
1558,2
5543,1872
9477,1
7228,126
5052,3851
8114,14
2754,21485
6736,179
4653,7021
3483,57211
6501,448
4411,12865
6343,443
2202,1760
10283,1
5031,3783
4946,4190
8014,16
5945,903
11061,1
10985,2
4670,6748
6676,337
2328,4063
6360,427
2261,2775
3244,40925
4168,28767
3063,49026
7131,155
13248,1
12171,1
7874,18
7715,43
5586,1765
16805,1
4074,39392
1950,212
9103,8
2663,16876
8786,4
9730,1
6599,123
2490,8936
11690,1
4489,10431
11463,1
6164,538
2949,35534
2840,26435
6790,244
5610,1711
3465,170321
6479,151
5225,3074
10265,2
2048,493
3958,28463
2867,28057
14985,1
7785,19
5718,1389
6698,313
5637,1617
3402,53897
5242,2939
9209,4
6121,655
4031,45423
9047,5
2895,30452
6806,227
6745,175
8743,10
4602,7790
2536,10948
9656,1
4329,16956
5292,2767
6312,463
10107,2
3707,149600
7668,38
5510,1980
8272,33
10122,1
3722,97515
7740,52
5531,1868
8297,24
7238,44
6131,617
1985,279
4021,46791
9134,1
8094,11
4829,5100
7899,13
2654,16286
2445,7386
11645,1
8447,16
5047,3717
8004,6
9942,3
6723,276
4660,6762
6572,272
4462,11253
2338,4260
6370,409
3254,125018
2217,1984
4178,27486
7123,141
7079,65
1749,39
7606,58
3075,51038
10184,3
7018,121
3784,86757
1728,30
7865,35
7722,29
5593,1712
9427,2
2038,236
2830,25573
5660,1471
3473,114098
5233,2914
1876,101
3885,69472
5887,1016
6886,134
7809,29
14312,1
7141,51
1936,193
9756,1
8819,8
7793,31
7678,46
5500,1966
5409,2308
8266,9
2075,672
11275,1
7086,81
10079,2
3712,49400
3679,154889
9493,1
4057,62587
9124,4
8084,30
2644,15744
8761,5
8479,3
2297,3314
12412,1
6147,604
3022,43347
10055,2
3839,77535
8856,5
3655,53418
7637,58
5446,2058
10157,1
3858,37111
7854,12
3757,137471
7775,23
5562,1789
9456,1
8146,20
4919,4435
9901,1
6827,108
2706,18836
6760,90
8722,11
4623,7397
6629,103
2517,10165
9677,1
1484,1
2478,8785
7594,32
6531,435
15731,1
4421,12305
11506,1
4304,18236
6333,428
9224,3
2028,647
2969,37112
2820,25197
5670,1561
6459,498
8215,11
7116,43
1907,210
16206,1
5899,956
9767,5
1922,84
7173,128
8120,12
5026,3861
8069,15
2812,24926
2760,21640
4685,6323
5642,1617
6553,402
3455,56402
4443,11996
6395,334
2276,2901
3239,80518
5215,3029
4066,20553
1843,81
9991,2
12913,1
8790,4
2583,13037
6176,914
4041,21631
9077,3
11081,1
4849,4980
6854,70
8773,5
2564,12116
8698,2
6582,110
4492,10343
9604,2
2281,3117
12462,1
6151,908
8197,14
10218,2
2857,41696
6787,263
5607,1621
3418,164630
5258,2848
8240,9
3055,48166
10044,1
3828,79427
7763,19
3644,54248
5552,898
8152,7
9159,1
6811,177
2712,19119
1685,11
6770,169
2639,15757
2521,10432
9641,1
2468,8220
7584,72
2345,4472
7395,65
4314,17782
9234,4
4105,35321
5077,3600
4908,4519
6832,102
5693,1396
6713,88
4636,6992
8711,10
6638,127
2502,9678
9662,1
6520,301
4430,12173
8409,6
6326,614
2227,2073
7102,50
10081,1
3865,109293
3681,103607
7559,56
5057,3603
8111,15
2751,21552
6733,189
4656,6797
3486,171734
6504,162
4414,12758
6346,419
2207,1802
10286,2
8130,17
2806,24545
9955,3
2770,22336
5656,1467
6565,429
4475,10825
2323,3972
4163,29222
9024,1
1855,112
2784,23232
1639,16
2595,13359
7516,22
4386,13904
7329,25
16439,1
4073,39920
1957,341
9104,3
1658,3
2664,16905
8781,4
9737,4
2497,9443
2398,5869
7348,90
6163,578
2045,511
2944,34901
3468,171268
6474,163
15674,1
5228,2954
8230,8
8181,20
2998,40717
9061,1
1890,60
6929,80
6860,90
1674,18
2550,11776
9630,2
9519,1
4343,15953
7364,62
6297,476
9263,5
6124,640
4034,44989
9042,7
2890,30522
6803,266
9828,1
6740,282
8746,2
4607,7730
2533,10876
11733,1
4548,8881
9653,3
5297,2678
6317,447
6278,462
3010,42344
10108,1
10001,1
8864,4
3708,49732
3601,111894
7667,38
8565,9
10610,1
5474,2055
2080,696
7182,38
3727,48225
7745,27
5534,1877
9488,1
8292,8
8167,7
9087,3
9924,3
2727,20151
5685,1458
6705,231
6514,274
4404,13263
2312,3611
4152,15175
8100,12
8009,26
2740,20734
9846,2
4526,14040
2335,4268
10459,1
3259,84864
4175,28101
6216,249
7124,55
7708,49
5579,1793
7601,60
3072,50650
2016,413
11216,1
2975,38169
8519,10
6445,320
8308,15
3086,52527
8201,4
2033,226
2954,36110
3478,113670
6464,333
5238,2984
10278,1
8220,9
1918,144
1873,154
3880,35054
5882,979
6883,158
9778,1
9214,1
2989,39537
14243,1
9056,4
1881,54
2880,29225
6871,153
1665,4
9838,1
6750,184
8752,4
2541,11413
4558,8561
9621,2
4334,16677
7375,66
6268,518
5839,1067
7796,27
16886,1
5505,2019
8263,10
2070,619
3001,41240
10119,1
10072,3
3719,48667
3672,104249
5524,1843
10601,1
9498,3
8286,9
2091,755
7197,66
8171,16
9091,6
2731,20225
9877,1
4517,9510
2362,4792
6227,252
4122,33538
3025,43969
10052,1
8851,3
3652,53222
14830,1
7630,35
5441,2243
5139,3383
3042,46540
3855,37321
7859,33
7778,40
7617,27
10642,1
2002,332
2903,31339
6433,332
8318,10
3092,53422
2825,25620
5675,1529
8508,7
8210,8
7119,79
1908,64
3890,102014
1801,53
5896,931
7524,24
3195,71783
9294,3
1927,164
12136,1
9747,3
7176,133
10021,2
3621,110474
7683,34
3359,102955
8255,11
2060,558
21428,1
1622,3
4597,7925
4373,14648
7332,26
9253,4
8190,23
4046,43317
9070,2
6853,220
8774,6
2563,12171
6585,142
4495,9854
9603,4
2286,3191
6156,573
3033,22478
3806,83591
5804,1089
8847,5
3662,52942
7640,62
5457,2159
3823,80374
7768,23
10825,1
7621,46
5559,1791
10537,1
3337,148283
5099,3502
6119,599
8157,10
4009,48740
11140,1
6814,178
2717,19271
1680,4
6775,182
4618,7474
2524,10392
9644,2
7581,64
2340,4169
7390,101
4311,17764
5288,2789
6308,472
9231,4
4100,36490
1830,96
3843,114703
8882,6
9690,3
7577,14
5492,2052
7107,52
3860,73999
3684,102918
3558,56912
5398,2324
10358,3
2921,32867
9850,3
6738,89
4530,9308
6411,346
2305,3449
15538,1
6200,544
4145,30983
10033,2
5859,1063
10899,2
8834,2
3633,54502
7695,44
8557,8
5424,2179
8346,9
2050,523
9023,2
1852,85
9984,1
10979,1
2783,11448
2592,13486
7511,54
4381,14181
9109,3
9000,11
6841,72
1655,6
2669,17013
2571,12582
11771,1
6593,259
4483,10423
2395,5695
4366,15035
7345,62
9246,3
5119,3416
6099,629
3812,40989
5814,1142
8871,4
7650,40
10717,3
5461,2168
10506,1
3306,93065
8383,8
3117,57540
8184,20
9064,1
1895,138
6865,249
1671,17
2555,12024
15834,1
7479,28
4346,16105
7361,57
4258,21385
6292,469
9338,3
9266,2
12321,1
9203,7
6905,137
1690,6
9827,1
8749,7
4608,7723
4547,8904
9535,1
2350,4538
4323,17108
7380,57
5298,2705
6318,462
6277,232
4110,35158
3015,42738
8861,4
3604,167569
7662,52
10615,1
8560,9
5471,2105
8278,14
2085,707
7187,98
3870,71797
1821,82
8897,5
3694,50998
3548,114633
9681,2
5487,2020
5388,2425
2933,16927
9860,1
5688,1375
6708,196
4500,9956
6519,283
17779,1
1389,2
4409,12942
6403,539
9356,4
4236,23054
6230,539
8107,11
2747,20749
9841,1
6729,98
6578,360
4521,9294
4468,11037
2332,4086
4172,28332
6211,524
9031,8
1862,159
6979,60
6892,115
2791,23525
1606,4
1417,1
7507,33
9549,2
4397,13531
7316,34
4186,27387
8512,12
3386,105821
2176,1421
8303,18
2036,503
2951,35973
6461,327
8225,18
6934,213
16036,1
1643,9
6497,323
2383,5502
9504,1
4352,7721
7353,113
4248,22198
6286,437
9328,7
9272,5
9211,4
9053,7
1884,116
2885,29670
7969,28
6874,87
1660,5
6755,191
8757,6
2544,11442
9624,2
1376,1
7468,39
4331,16591
7370,51
5832,1114
8817,5
3614,111009
7676,59
8570,4
5407,2352
8268,9
7945,20
1587,2
4571,8191
8584,5
9367,4
4207,25236
6241,292
8176,25
9096,5
2736,20435
9870,2
4510,9690
2365,4969
6220,513
4125,33343
3028,44644
3833,39104
10831,1
10628,1
3327,48628
5134,3348
5999,807
6987,187
1612,2
7531,81
7302,34
4192,26810
9281,4
2007,592
2906,31300
10697,1
6436,342
3097,54576
2022,201
2963,36674
8507,12
6453,502
15653,2
8374,3
3895,67658
1804,29
5893,971
7521,50
3190,70757
9291,2
5861,1071
8826,1
8628,10
8527,6
5436,2226
8350,14
2143,1117
5842,1110
8540,3
5411,2208
3354,152429
8258,5
3127,59348
1849,38
9016,2
1625,4
2589,13142
4590,7988
4374,14693
7335,22
9254,2
7954,4
4560,8318
2373,5173
12547,1
6250,473
4133,32278
3038,45927
3669,52505
3535,115000
10638,1
8497,10
10511,2
3311,94380
10335,4
5124,3441
12189,1
3826,79404
10820,2
7624,16
10532,1
3332,146904
6079,684
2912,32201
7991,10
4709,6137
6422,330
8327,10
1835,74
3846,76568
8887,6
9695,1
7572,46
5497,1989
1814,87
3553,114088
1447,1
7557,18
5393,2338
10353,3
3180,69228
6036,802
8979,2
5873,1005
4746,5728
3589,112547
8618,5
8531,7
5349,2485
8360,8
10389,1
2155,1201
3174,67861
8918,5
8833,4
3634,108953
7692,34
8639,3
8550,10
5423,2245
5328,2576
8341,10
2057,576
6966,68
9880,1
1633,2
13896,1
9556,2
7323,108
3997,50238
8079,11
4967,4116
5968,808
8934,3
4783,5476
6657,112
10560,2
3360,102588
5304,2816
3229,119382
2190,1600
3131,60174
5173,3166
3978,53356
4988,4100
3817,80754
5811,1182
8874,10
5738,1359
7655,40
10712,2
5464,2070
8489,10
3303,93425
8386,8
3112,56837
2992,39540
7025,121
6923,187
7911,19
1715,13
7476,61
9513,3
4349,15722
14500,1
4257,21347
9337,5
9269,4
9206,4
9048,3
6900,122
1695,14
6809,251
9822,4
2539,11000
4542,9100
9659,2
9530,2
2355,4734
4326,25590
7385,31
6272,471
16495,1
4115,34442
8992,8
3562,56935
7566,19
3916,32014
5756,1290
3699,100988
3545,114303
7541,23
9587,2
5385,2389
10345,2
2934,33737
9867,1
4507,9839
2318,3807
6404,177
4231,23461
6237,483
4158,30009
7059,174
5985,791
6997,117
1769,21
1869,103
6972,110
6899,71
9890,3
1506,1
9542,2
7405,50
4286,19618
7276,105
2018,424
8517,5
3383,53055
2173,1338
8306,10
3088,53539
5104,3470
6084,665
4998,3908
3968,82193
5979,897
8925,9
5823,1136
5728,1378
3371,103848
8392,11
5315,2659
2181,1525
3106,56175
6931,202
1646,11
12851,1
6492,329
2386,5527
9501,1
4357,15407
9408,2
7356,90
6283,475
9277,3
2987,39428
9058,3
7962,36
6910,68
9836,1
4556,8644
9520,3
7463,19
6266,236
3927,30838
5936,932
5767,1269
3512,57226
10312,1
7942,20
9816,1
1580,1
8688,9
4576,12225
8583,12
9360,3
4200,25708
6246,500
2368,5032
9347,10
4227,11847
4128,33014
1797,39
1555,1
9591,1
7225,66
7048,131
6982,58
1778,69
1617,5
7534,80
7307,36
4197,26024
9284,3
2008,176
11208,1
6004,770
2909,31684
4815,5175
4774,5682
6439,322
8312,12
5184,3116
2101,790
3098,54819
